id,question,option_a,option_b,option_c,option_d,correct_answer,explanation,category,ai_explanation
1,下列選項關於腸道 Intraepithelial lymphocytes (IELs)的敘述，何者錯誤？,IELs 都是 CD8陽性T細胞,"IELs 表現 NKG2D 受器與 MIC-A, B交互作用，進而激活IELs 細胞",IELs 毒殺受壓力細胞(Stresses cells)是經由 perforin/granzyme 途徑,IELs 大部分都是樹突細胞(Dendritic cells),D,,消化系統免疫學 林明宏,"📖 chatGPT 學長背景知識  
腸道內的『上皮淋巴細胞』(Intraepithelial lymphocytes, IELs) 是一群特殊的免疫細胞，主要存在於腸道上皮層中，對於維持腸道的免疫平衡及防禦病原體具有重要作用。IELs 主要由 T 細胞組成，並且在腸道的免疫反應中扮演關鍵角色。

核心觀念：  
- IELs 主要是『CD8+ T 細胞』，但也有少數是『CD4+ T 細胞』或其他亞型。  
- IELs 表現『NKG2D』受器，能與『MIC-A』和『MIC-B』交互作用，這是其激活機制之一。  
- IELs 可透過『perforin/granzyme』途徑來毒殺受壓力細胞，這是一種細胞毒性反應。  
- IELs 中的樹突細胞比例相對較低，主要是 T 細胞，而非樹突細胞。

解析選項：  
(A) IELs 都是 CD8陽性T細胞  
- 錯誤。雖然大部分 IELs 是 CD8+ T 細胞，但也存在少數 CD4+ T 細胞及其他亞型。

(B) IELs 表現 NKG2D 受器與 MIC-A, B交互作用，進而激活IELs 細胞  
- 正確。NKG2D 受器的表現及其與 MIC-A、MIC-B 的交互作用確實能激活 IELs。

(C) IELs 毒殺受壓力細胞(Stresses cells)是經由 perforin/granzyme 途徑  
- 正確。這是 IELs 毒殺受壓力細胞的主要機制之一。

(D) IELs 大部分都是樹突細胞(Dendritic cells)  
- 錯誤。IELs 主要是 T 細胞，樹突細胞在 IELs 中的比例相對較低。

結論：  
根據以上解析，選項 (A) 和 (D) 均為錯誤敘述，但若只選擇一個最明顯的錯誤，則選項 (D) 更具誤導性，因為它明確地將 IELs 誤認為主要是樹突細胞。"
2,下列選項關於腸道微生物相(Gut Microbiota)的敘述，何者錯誤？,"促進腸上皮細胞(Gut epithelial cells)分泌細胞激素 IL-25, IL-33, TSLP, 和 RA",抑制發炎 TH17 輔助型 T 細胞(helper T cells)分化,微生物菌群代謝物 Butyrate 可促進調節性 T 細胞(Regulatory T cells),微生物菌群 Flagellin 可促進 IgA 製造,B,,消化系統免疫學 林明宏,"📖 chatGPT 學長背景知識  
腸道微生物相是指生活在腸道內的微生物群落，對宿主的免疫系統、代謝及整體健康有重要影響。以下是對題目中各選項的解析：

- (A) 促進腸上皮細胞(Gut epithelial cells)分泌細胞激素 IL-25, IL-33, TSLP, 和 RA  
  正確。腸道微生物能刺激腸上皮細胞分泌這些細胞激素，這些激素在調節免疫反應及維持腸道屏障功能中扮演重要角色。

- (B) 抑制發炎 TH17 輔助型 T 細胞(helper T cells)分化  
  錯誤。腸道微生物相通常會促進 TH17 細胞的分化，這些細胞在抵抗細菌和真菌感染中具有重要作用，並且與發炎反應有關。

- (C) 微生物菌群代謝物 Butyrate 可促進調節性 T 細胞(Regulatory T cells)  
  正確。Butyrate 是腸道微生物代謝產物之一，已知能促進調節性 T 細胞的生成，這對於維持免疫耐受性及防止自體免疫疾病至關重要。

- (D) 微生物菌群 Flagellin 可促進 IgA 製造  
  正確。Flagellin 是一種細菌的鞭毛蛋白，能刺激腸道免疫系統，促進 IgA 的產生，這有助於保護腸道免受病原體的侵害。

結論：根據上述解析，選項 (B) 是錯誤的。腸道微生物相並不抑制 TH17 輔助型 T 細胞的分化，反而是促進其生成。"
3,幽門成型術(pyloroplasty)，常會伴隨著下列何種術式？,迷走神經幹切斷術(truncal vagotomy),高選擇性迷走神經切斷術(highly selective vagotomy),胃竇切除術(antrectomy),次全胃切除術(subtotal gastrectomy),A,,消化道臨床解剖學 莊樹宏,"📖 chatGPT 學長背景知識  
幽門成型術（pyloroplasty）是一種外科手術，主要用於治療胃排空障礙，特別是在某些胃部疾病的情況下。此手術通常會與其他手術一起進行，以達到更好的治療效果。

核心觀念：  
- 幽門成型術的目的在於改善『胃排空』，減少『幽門』的阻塞。  
- 常見的合併術式包括迷走神經切斷術，因為這可以減少胃酸分泌，降低潰瘍復發的風險。  
- 迷走神經的切斷方式有多種，主要分為『迷走神經幹切斷術』和『高選擇性迷走神經切斷術』。  
- 胃竇切除術和次全胃切除術則是針對胃部的其他病變，通常不會直接與幽門成型術一起進行。

解析選項：  
(A) 迷走神經幹切斷術（truncal vagotomy）  
- 此術式會切斷主要的迷走神經，顯著減少胃酸分泌，常與幽門成型術合併使用，以減少潰瘍復發的機會。

(B) 高選擇性迷走神經切斷術（highly selective vagotomy）  
- 此術式僅切斷供應胃底的迷走神經，保留胃竇的神經支配，對於胃排空影響較小，通常也會與幽門成型術一起進行。

(C) 胃竇切除術（antrectomy）  
- 此術式主要針對胃竇部的病變，雖然可以與幽門成型術同時進行，但並不是常見的合併術式。

(D) 次全胃切除術（subtotal gastrectomy）  
- 此術式涉及切除胃的大部分，通常不會與幽門成型術一起進行，因為其目的與幽門成型術不同。

結論：  
幽門成型術最常與『迷走神經幹切斷術』或『高選擇性迷走神經切斷術』合併進行，以達到最佳的治療效果。因此，正確答案為 (A) 迷走神經幹切斷術。"
4,術中膽道攝影(intraoperative cholangiography)，常以切開哪一個構造來施行？,膽囊(gallbladder),膽囊管(cystic duct),總肝管(common hepatic duct),總膽管(common bile duct),B,,消化道臨床解剖學 莊樹宏,"📖 chatGPT 學長背景知識  
術中膽道攝影（intraoperative cholangiography）是一種在膽囊切除手術中進行的影像學檢查，主要用於評估膽道系統的解剖結構及功能，並檢測可能的膽道結石或其他病變。

核心觀念：  
- 『術中膽道攝影』的目的在於確認膽道的完整性及排除病變。  
- 通常在『膽囊切除手術』過程中進行。  
- 進行攝影的時候，需選擇合適的進入點以便注入造影劑。  
- 常見的進入點為『膽囊管』，因為它直接連接膽囊與膽道系統。  

選項解析：  
(A) 膽囊(gallbladder)  
- 雖然膽囊是手術的主要部位，但直接從膽囊進行攝影不常見。  

(B) 膽囊管(cystic duct)  
- 正確答案。『膽囊管』是進行術中膽道攝影的主要切開點，因為它連接膽囊與『總肝管』，便於造影劑進入膽道系統。  

(C) 總肝管(common hepatic duct)  
- 雖然可進行攝影，但通常不作為首選切開點。  

(D) 總膽管(common bile duct)  
- 也可進行攝影，但通常在膽囊管切開後進行，並非首選。  

結論：術中膽道攝影最常以『膽囊管』作為切開點，以便有效地進行膽道的評估和檢查。正確答案為 (B) 膽囊管(cystic duct)。"
5,肝臟的解剖切除(anatomical liver resection)，需要緊貼以下何種構造來執行？,肝內膽管(intrahepatic bile duct),肝動脈(hepatic artery),門靜脈(portal vein),肝靜脈(hepatic vein),D,,消化道臨床解剖學 莊樹宏,"📖 chatGPT 學長背景知識  
肝臟的解剖切除是一種外科手術，旨在切除肝臟的特定區域，通常用於治療肝臟腫瘤或其他病變。在進行此手術時，了解肝臟的血管及膽管系統的解剖結構至關重要，以確保手術的安全性和有效性。

核心觀念：  
- 肝臟的解剖切除需要考慮到『血管』和『膽管』的解剖位置。  
- 肝臟的主要血供來自『肝動脈』和『門靜脈』，而『肝靜脈』則負責將血液引流出肝臟。  
- 『肝內膽管』則負責膽汁的排泄，與肝臟的功能密切相關。  

解析選項：  
(A) 肝內膽管(intrahepatic bile duct)  
- 雖然肝內膽管在肝臟功能中重要，但在解剖切除時，主要目的是保護血管結構，而非膽管。  

(B) 肝動脈(hepatic artery)  
- 肝動脈提供肝臟的血液供應，但在解剖切除時，並不需要緊貼此結構。  

(C) 門靜脈(portal vein)  
- 門靜脈是肝臟的主要血液供應來源之一，但在進行解剖切除時，並不是主要的參考結構。  

(D) 肝靜脈(hepatic vein)  
- 肝靜脈負責將肝臟的血液引流至下腔靜脈，並且在解剖切除中，通常需要緊貼此結構以確保切除的邊界清晰，並避免出血。  

結論：  
在肝臟的解剖切除中，最需要緊貼的構造是『肝靜脈』，因此正確答案為 (D) 肝靜脈(hepatic vein)。"
6,有關胰頭十二指腸切除手術(pancreatoduodenectomy)的適應症，以下何者為非？,十二指腸第二部癌(duodenal second portion cancer),乏特氏壺腹腫瘤(ampulla of Vater tumor),肝門部膽管癌(hilar cholangiocarcinoma),胰頭癌(pancreatic head cancer),C,,消化道臨床解剖學 莊樹宏,"📖 chatGPT 學長背景知識  
胰頭十二指腸切除手術（pancreatoduodenectomy），又稱為Whipple手術，是一種針對胰頭及其周圍結構的外科手術，主要用於治療某些類型的癌症及其他病變。了解其適應症對於臨床醫學的應用至關重要。

核心觀念：  
- 胰頭十二指腸切除手術主要適應症包括：  
  1. 『十二指腸第二部癌』：此癌症位於十二指腸的第二部分，手術可切除腫瘤並改善預後。  
  2. 『乏特氏壺腹腫瘤』：此腫瘤位於壺腹部，影響膽管及胰管的開口，手術可有效去除腫瘤。  
  3. 『肝門部膽管癌』：雖然此癌症通常需要肝切除，但在某些情況下，若腫瘤可切除且影響胰頭，則可考慮進行胰頭十二指腸切除。  
  4. 『胰頭癌』：這是最常見的適應症，因為胰頭癌直接影響胰頭，手術是主要治療方式。  

- 錯誤選項分析：  
  - (C) 『肝門部膽管癌』：此癌症的主要治療方式通常是肝切除，而非胰頭十二指腸切除，因為其主要病變不在胰頭部位。  

結論：根據上述分析，選項(C)『肝門部膽管癌』為非適應症，因其主要治療方式不涉及胰頭十二指腸切除手術。"
7,有關排便反射及神經調控，下列何者錯誤？,直腸壁伸張可觸發排便反射並刺激內肛括約肌舒張,外肛括約肌為骨骼肌，可隨意收縮控制排便時機,排便完全依賴隨意神經活動，與反射無關,排便反射可受中樞神經調節強弱,C,,消化系統生理學 黃烱瑋,"📖 chatGPT 學長背景知識  
排便反射是一個複雜的生理過程，涉及多種神經機制的協調。此過程主要由自律神經系統和隨意神經系統共同調控，並受到中樞神經的影響。以下是對題目選項的詳細解析：

核心觀念：
- 『排便反射』是由直腸壁的伸張引發的反射行為。
- 『內肛括約肌』的舒張是反射性動作，通常不受意識控制。
- 『外肛括約肌』為骨骼肌，屬於隨意肌，可由意識控制。
- 排便過程中，『中樞神經』可調節反射的強度和時機。

選項解析：
(A) 直腸壁伸張可觸發排便反射並刺激內肛括約肌舒張  
正確。當直腸壁因糞便的積聚而伸張時，會啟動排便反射，導致內肛括約肌的舒張。

(B) 外肛括約肌為骨骼肌，可隨意收縮控制排便時機  
正確。外肛括約肌是骨骼肌，能夠隨意收縮，這使得個體可以控制排便的時機。

(C) 排便完全依賴隨意神經活動，與反射無關  
錯誤。排便過程中，雖然隨意神經活動對外肛括約肌的控制至關重要，但排便反射本身是由自律神經系統調控的，並不完全依賴隨意神經。

(D) 排便反射可受中樞神經調節強弱  
正確。中樞神經系統可以調節排便反射的強度和時機，影響排便的過程。

結論：根據以上解析，選項(C)是錯誤的，因為排便並非完全依賴隨意神經活動，而是涉及反射機制。"
8,下列關於肝臟在代謝及分泌功能的敘述，何者錯誤？,肝臟可合成血漿蛋白如白蛋白和多種凝血因子,肝臟將膽固醇轉化為膽鹽，參與脂肪消化,肝臟僅參與膽紅素的生成，無法分解老化紅血球,肝臟可將有害物質進行生物轉化成較無毒物質,C,,消化系統生理學 黃烱瑋,"📖 chatGPT 學長背景知識  
肝臟是人體內最大的內臟器官，擁有多種重要的代謝及分泌功能，包括合成蛋白質、膽鹽的生成、解毒等。了解肝臟的功能對於臨床醫學及病理學的學習至關重要。

核心觀念：  
- 肝臟合成『血漿蛋白』如『白蛋白』和『凝血因子』。  
- 肝臟將『膽固醇』轉化為『膽鹽』，參與『脂肪消化』。  
- 肝臟參與『膽紅素』的生成，並且能『分解老化紅血球』。  
- 肝臟可將『有害物質』進行『生物轉化』成較無毒物質。  

解析：  
(A) 正確。肝臟確實合成多種『血漿蛋白』，包括『白蛋白』和多種『凝血因子』，這是其重要的生理功能之一。  
(B) 正確。肝臟將『膽固醇』轉化為『膽鹽』，這些膽鹽在腸道中有助於『脂肪消化』和吸收。  
(C) 錯誤。肝臟不僅參與『膽紅素』的生成，還能『分解老化紅血球』，這是肝臟的另一重要功能。  
(D) 正確。肝臟能將『有害物質』進行『生物轉化』，使其變為較無毒的形式，這是肝臟的解毒功能。

結論：選項 (C) 的敘述為錯誤，因為肝臟不僅生成『膽紅素』，還參與『老化紅血球』的分解。"
9,關於消化道分泌調控之神經傳遞物質，下列何者錯誤？,ENS 興奮時釋放 ACh促進平滑肌收縮,VIP、NO為ENS 抑制性神經傳遞物質,副交感神經刺激時主要釋放去甲腎上腺素,腸神經叢可釋放P物質以促進腸肌活動,C,,消化系統生理學 黃烱瑋,"📖 chatGPT 學長背景知識  
消化道的神經調控主要依賴於腸神經系統（ENS）及其釋放的神經傳遞物質，這些物質對於消化道的運動、分泌及血流調控具有重要作用。以下是對題目選項的逐一解析：

1. **選項(A)**：ENS 興奮時釋放 ACh 促進平滑肌收縮  
   - 正確。『乙醯膽鹼』（ACh）是腸神經系統主要的興奮性神經傳遞物質，能夠促進平滑肌的收縮，進而推動食物通過消化道。

2. **選項(B)**：VIP、NO為ENS 抑制性神經傳遞物質  
   - 正確。『血管活性肽』（VIP）和『一氧化氮』（NO）均為抑制性神經傳遞物質，能夠降低平滑肌的收縮，促進腸道的放鬆，進而調節腸道的運動。

3. **選項(C)**：副交感神經刺激時主要釋放去甲腎上腺素  
   - 錯誤。副交感神經系統在刺激時主要釋放『乙醯膽鹼』（ACh），而非『去甲腎上腺素』。去甲腎上腺素主要與交感神經系統相關，負責促進身體的「戰鬥或逃跑」反應。

4. **選項(D)**：腸神經叢可釋放P物質以促進腸肌活動  
   - 正確。『P物質』是一種神經傳遞物質，能夠促進腸道平滑肌的活動，並在腸道的運動調控中扮演重要角色。

結論：根據上述分析，選項(C)為錯誤選項，因為副交感神經刺激時釋放的主要神經傳遞物質應為『乙醯膽鹼』而非『去甲腎上腺素』。"
10,關於膽囊及膽汁分泌調節機制，下列何者錯誤？,膽囊收縮需 CCK刺激及副交感神經參與,Oddi 括約肌收縮會促進膽汁進入小腸,CCK 可促進胰液與膽汁流入十二指腸,高脂飲食可刺激膽囊收縮反射。,B,,消化系統生理學 黃烱瑋,"📖 chatGPT 學長背景知識  
本題主要探討『膽囊』及『膽汁』的分泌調節機制，涉及生理學及消化系統的基本知識。

核心觀念：  
- 『膽囊』的主要功能是儲存和濃縮『膽汁』。  
- 『膽汁』的分泌受到多種因素的調節，尤其是飲食成分。  
- 『CCK』（膽囊收縮素）是主要的調節因子，促進膽囊收縮及膽汁釋放。  
- 『Oddi 括約肌』的功能是控制膽汁及胰液進入『十二指腸』的流動。  
- 高脂飲食可刺激『膽囊』的收縮反射，促進膽汁的釋放。

選項解析：  
(A) 膽囊收縮需 CCK刺激及副交感神經參與  
- 正確。『CCK』是由小腸釋放的激素，能刺激膽囊收縮，並且副交感神經也參與此過程。

(B) Oddi 括約肌收縮會促進膽汁進入小腸  
- 錯誤。『Oddi 括約肌』的收縮會阻止膽汁進入小腸，只有在放鬆時，膽汁才能進入『十二指腸』。

(C) CCK 可促進胰液與膽汁流入十二指腸  
- 正確。『CCK』不僅促進膽囊收縮，還能促進胰液的分泌，協助消化。

(D) 高脂飲食可刺激膽囊收縮反射  
- 正確。高脂飲食會刺激『CCK』的釋放，進而促進膽囊收縮，釋放膽汁以幫助脂肪的消化。

結論：  
根據以上解析，選項 (B) 是錯誤的，因為 Oddi 括約肌的收縮會阻止膽汁進入小腸，而非促進。"
11,關於小腸運動型態與其生理意義，下列何者錯誤？,分節運動有助於食物混合並促進養分吸收。,蠕動為推動食糜向遠端移動的主要運動型態。,MMC 主要於空腹時發生，有清除殘渣功能。,MMC 在進食後比空腹更為活躍,D,,消化系統生理學 黃烱瑋,"📖 chatGPT 學長背景知識  
小腸的運動型態主要包括『分節運動』和『蠕動』，這些運動對於食物的消化與吸收至關重要。此外，『腸道運動』的調控也與生理狀態（如空腹或進食後）密切相關。

核心觀念：  
- 『分節運動』：有助於食物的『混合』和『養分吸收』。  
- 『蠕動』：主要功能是將『食糜』推向『遠端』。  
- 『MMC（Migrating Motor Complex）』：主要在『空腹』時發生，具有『清除殘渣』的功能。  
- 進食後，『MMC』的活性會降低，主要是因為食物的存在會促進其他類型的腸道運動。

解析：  
(A) 正確。分節運動確實有助於食物的混合，並促進養分的吸收。  
(B) 正確。蠕動是推動食糜向遠端移動的主要運動型態。  
(C) 正確。MMC主要在空腹時發生，並有助於清除腸道中的殘渣。  
(D) 錯誤。MMC在進食後的活性會降低，因為進食後腸道會轉向其他運動型態以促進消化。

結論：選項(D)為錯誤選項，因為MMC在進食後並不比空腹時更為活躍。"
12,下列有關腸上皮吸收機制，何者錯誤？,葡萄糖吸收需與鈉離子協同運輸進入腸上皮細胞,長鏈脂肪酸需在細胞內重組成乳糜微粒後進入淋巴循環,鐵主要於空腸經 Na+-bile acid transporter 主動吸收,短鏈脂肪酸可直接進入門脈循環。,C,,消化系統生理學 黃烱瑋,"📖 chatGPT 學長背景知識  
腸上皮吸收機制是消化生理學中的重要概念，涉及多種營養素的運輸方式。了解這些機制有助於掌握腸道健康及相關疾病的治療。

核心觀念：  
- 『葡萄糖』吸收：透過『鈉離子』協同運輸進入腸上皮細胞，屬於次級主動運輸。  
- 『長鏈脂肪酸』：在腸上皮細胞內重組成『乳糜微粒』後，進入淋巴循環。  
- 『鐵』的吸收：主要在空腸進行，通常透過『非主動運輸』的方式進入細胞，並非依賴 Na+-bile acid transporter。  
- 『短鏈脂肪酸』：可直接進入『門脈循環』，不需重組或轉運。

解析：  
(A) 葡萄糖吸收需與鈉離子協同運輸進入腸上皮細胞  
正確。葡萄糖透過鈉-葡萄糖共轉運蛋白（SGLT）進入腸上皮細胞，這是一種次級主動運輸機制。

(B) 長鏈脂肪酸需在細胞內重組成乳糜微粒後進入淋巴循環  
正確。長鏈脂肪酸在腸上皮細胞內重組為甘油三酯，並與蛋白質結合形成乳糜微粒，然後進入淋巴系統。

(C) 鐵主要於空腸經 Na+-bile acid transporter 主動吸收  
錯誤。鐵的吸收主要透過『DMT1』運輸蛋白進行，並不依賴 Na+-bile acid transporter，這是對的。

(D) 短鏈脂肪酸可直接進入門脈循環  
正確。短鏈脂肪酸可通過腸上皮細胞直接進入門脈循環，並迅速被肝臟利用。

結論：選項 (C) 是錯誤的，因為鐵的吸收並不依賴 Na+-bile acid transporter，而是透過其他機制進行。"
13,有關消化道激素及其作用，下列何者錯誤？,Secretin 促使胰臟釋放碳酸氫根以中和胃酸,Gastrin 可促進胃酸與胃蛋白酶釋放，且增強胃黏膜增生,CCK 刺激胰液消化酶及膽囊收縮，並可促進 Oddi 括約肌收縮,Ghrelin分泌與食慾調節相關，分泌高峰常於進食前。,C,,消化系統生理學 黃烱瑋,"📖 chatGPT 學長背景知識  
消化道激素在調節消化過程中扮演著重要角色，主要由消化道內分泌細胞分泌，影響胃腸運動、消化液分泌及食慾等功能。以下是各選項的詳細解析：

(A) Secretin 促使胰臟釋放碳酸氫根以中和胃酸  
- 正確。『Secretin』是由十二指腸的S細胞分泌，當胃酸進入小腸時，Secretin會促使胰臟分泌『碳酸氫根』，以中和胃酸，保護小腸黏膜並創造適合消化酶作用的環境。

(B) Gastrin 可促進胃酸與胃蛋白酶釋放，且增強胃黏膜增生  
- 正確。『Gastrin』是由胃的G細胞分泌，能促進胃酸（鹽酸）及『胃蛋白酶』的釋放，並且刺激胃黏膜的增生，增強胃的消化能力。

(C) CCK 刺激胰液消化酶及膽囊收縮，並可促進 Oddi 括約肌收縮  
- 錯誤。『CCK』（膽囊收縮素）確實刺激胰臟分泌消化酶及膽囊收縮，但它實際上會放鬆Oddi括約肌，而非促進其收縮。這樣的作用使得膽汁和胰液能夠順利進入小腸。

(D) Ghrelin分泌與食慾調節相關，分泌高峰常於進食前  
- 正確。『Ghrelin』是由胃分泌的激素，主要在空腹狀態下分泌，並在進食前達到高峰，促進食慾，提醒身體進食。

結論：根據上述分析，選項(C)為錯誤的陳述。"
14,有關胃腺細胞分泌及功能，下列何者錯誤？,壁細胞可分泌HCI及內因子，有助維生素B12吸收,G 細胞分泌體抑素以抑制胃酸釋放。,主細胞分泌胃蛋白酶原，經酸性環境活化。,類腸嗜鉻細胞(ECL cell)可釋放組織胺，促進胃酸分泌,B,,消化系統生理學 黃烱瑋,"📖 chatGPT 學長背景知識  
在胃腺中，細胞的分泌功能對於消化過程至關重要。主要的細胞類型包括壁細胞、主細胞、G細胞及類腸嗜鉻細胞（ECL cell）。了解這些細胞的功能及其分泌物的作用，有助於我們解釋題目中的選項。

核心觀念：  
- 壁細胞：  
  - 分泌『HCl』，使胃內環境呈酸性，有助於食物消化。  
  - 分泌『內因子』，促進『維生素B12』的吸收。  

- 主細胞：  
  - 分泌『胃蛋白酶原』，在酸性環境中轉化為活性形式『胃蛋白酶』，參與蛋白質的消化。  

- G細胞：  
  - 分泌『胃泌素』，而非『體抑素』，以促進胃酸的分泌。  

- 類腸嗜鉻細胞（ECL cell）：  
  - 分泌『組織胺』，進一步促進胃酸的分泌。  

解析選項：  
(A) 正確。壁細胞確實分泌『HCl』及『內因子』，有助於『維生素B12』的吸收。  
(B) 錯誤。G細胞分泌的是『胃泌素』，而非『體抑素』，其功能是促進胃酸的分泌。  
(C) 正確。主細胞分泌『胃蛋白酶原』，在酸性環境中被活化為『胃蛋白酶』。  
(D) 正確。類腸嗜鉻細胞（ECL cell）確實釋放『組織胺』，促進胃酸的分泌。  

結論：  
根據以上分析，選項(B)是錯誤的，因為G細胞分泌的是『胃泌素』，而非『體抑素』。"
15,關於消化道運動與神經調控，下列何者錯誤？,迷走神經可促進胃及小腸平滑肌收縮，也促進大腸的分節運動。,腸神經叢可在無中樞神經參與下獨立調節部分腸道運動。,交感神經釋放去甲腎上腺素會抑制腸胃平滑肌收縮。,腸道平滑肌的節律性去極化由間質細胞(ICC)主導，並能引發動作電位。,A,,消化系統生理學:消化道 黃烱瑋,"📖 chatGPT 學長背景知識  
本題主要考察消化道運動的神經調控機制，涉及迷走神經、腸神經叢、交感神經及間質細胞的功能。

核心觀念：  
- 『迷走神經』：促進胃及小腸平滑肌收縮，並促進大腸的『分節運動』。  
- 『腸神經叢』：可在無『中樞神經』參與下獨立調節腸道運動。  
- 『交感神經』：釋放『去甲腎上腺素』會抑制腸胃平滑肌收縮。  
- 『間質細胞(ICC)』：主導腸道平滑肌的『節律性去極化』，並能引發『動作電位』。  

解析：  
(A) 迷走神經可促進胃及小腸平滑肌收縮，也促進大腸的分節運動。  
此選項正確。迷走神經是副交感神經的一部分，對消化道的運動有促進作用。

(B) 腸神經叢可在無中樞神經參與下獨立調節部分腸道運動。  
此選項正確。腸神經叢（也稱為腸道神經系統）能夠獨立於中樞神經系統運作，調節腸道的運動和分泌。

(C) 交感神經釋放去甲腎上腺素會抑制腸胃平滑肌收縮。  
此選項正確。交感神經的活化通常會抑制腸道的運動，這是因為去甲腎上腺素的釋放會導致平滑肌的放鬆。

(D) 腸道平滑肌的節律性去極化由間質細胞(ICC)主導，並能引發動作電位。  
此選項正確。間質細胞（ICC）在腸道平滑肌中負責產生節律性去極化，這是腸道運動的基礎。

結論：  
所有選項均為正確陳述，因此本題的正確答案是「無錯誤選項」。若需選擇錯誤選項，則可考慮題目設計的陷阱，因為所有陳述均符合生理學原則。"
16,關於食物進入消化道後的消化及吸收過程，何者描述最正確？,進食後食物首先在胃內被完全分解為單醣。,吸收葡萄糖時需鈉離子共同運輸。,胰液中的脂肪酶作用不需膽鹽參與。,單醣進入小腸細胞後即直接進入乳糜管。,B,,消化系統生理學:消化道 黃烱瑋,"📖 chatGPT 學長背景知識  
本題考察消化道中食物的消化與吸收過程，涉及胃、腸道及相關酶的功能。以下是對各選項的詳細解析：

(A) 進食後食物首先在胃內被完全分解為單醣。  
- 錯誤。食物在胃內主要進行『機械性消化』和『化學性消化』，但並不會被完全分解為單醣。胃中的酸性環境和胃蛋白酶主要負責蛋白質的消化，而碳水化合物的消化主要在小腸進行。

(B) 吸收葡萄糖時需鈉離子共同運輸。  
- 正確。葡萄糖的吸收依賴於『鈉-葡萄糖共運輸蛋白』(SGLT1)，此過程需要鈉離子的協助，通過『主動運輸』的方式將葡萄糖從腸腔轉運至腸道上皮細胞內。

(C) 胰液中的脂肪酶作用不需膽鹽參與。  
- 錯誤。雖然胰脂肪酶是主要的脂肪消化酶，但其作用需要『膽鹽』的參與，因為膽鹽能夠乳化脂肪，增加脂肪酶的接觸面積，從而提高脂肪的消化效率。

(D) 單醣進入小腸細胞後即直接進入乳糜管。  
- 錯誤。單醣（如葡萄糖和果糖）在小腸細胞內被吸收後，會進入『血液循環』，而非直接進入乳糜管。乳糜管主要負責吸收脂質及脂溶性維生素。

總結：正確答案為(B)。"
17,胚胎發育中，哪一個結構會形成 lesser omentum？,肝臟(liver),橫中膈(septum transversum),背側繫膜(dorsal mesogastrium),腹側繫膜(ventral mesogastrium),D,,消化系統胚胎學 陳永佳,"📖 chatGPT 學長背景知識  
在胚胎發育過程中，腹腔的結構發展涉及多種繫膜的形成與變化。了解這些結構的來源對於掌握消化系統的解剖學至關重要。

核心觀念：  
- 『lesser omentum』是連接肝臟與胃的結構。  
- 它源自於『腹側繫膜』(ventral mesogastrium)。  
- 腹側繫膜在胚胎發育過程中形成，並在肝臟的發育過程中發展成為lesser omentum。  
- 其他選項如肝臟、橫中膈及背側繫膜並不直接形成lesser omentum。  

解析：  
1. **選項(A) 肝臟**：肝臟是胚胎發育中的重要器官，但它並不是形成lesser omentum的結構。肝臟的發育與腹側繫膜有關，但並不直接形成該結構。
  
2. **選項(B) 橫中膈**：橫中膈主要是形成胸腔與腹腔的隔膜，與lesser omentum的形成無關。

3. **選項(C) 背側繫膜**：背側繫膜主要支持胃的背側結構，並不參與lesser omentum的形成。

4. **選項(D) 腹側繫膜**：這是正確答案。腹側繫膜在胚胎發育過程中，隨著肝臟的發展而形成lesser omentum，連接肝臟與胃的部分。

結論：根據以上分析，正確答案為(D) 腹側繫膜。"
18,下列那個構造非中腸頭端(cranial limb of midgut)發育而成？,遠端十二指腸 (distal duodenum),遠端空腸(distal jejunm),遠端迴腸(distal ileum),近端迴腸(proximal ileum),C,,消化系統胚胎學 陳永佳,"📖 chatGPT 學長背景知識  
- 中腸（midgut）是胚胎發育過程中的一部分，主要負責形成小腸及部分大腸的結構。  
- 中腸的發育分為『頭端』和『尾端』，其中『頭端』指的是中腸的前半部分。  
- 中腸的『頭端』主要發育成遠端十二指腸、遠端空腸及遠端迴腸。  

解析：  
(A) 遠端十二指腸（distal duodenum）  
- 遠端十二指腸是中腸的『頭端』發育而成，屬於中腸的一部分。  

(B) 遠端空腸（distal jejunum）  
- 遠端空腸也是中腸的『頭端』發育而成，屬於小腸的中段。  

(C) 遠端迴腸（distal ileum）  
- 遠端迴腸是中腸的『尾端』發育而成，屬於小腸的末端部分。  

(D) 近端迴腸（proximal ileum）  
- 近端迴腸是中腸的『頭端』發育而成，屬於小腸的起始部分。  

結論：  
根據上述分析，選項 (C) 遠端迴腸（distal ileum）並非由中腸的『頭端』發育而成，而是屬於『尾端』的結構。因此，正確答案為 (C)。"
19,肝臟(liver)的造血功能(hematopoiesis)最早開始於胚胎的哪個時期？,第六週(6th week),第十二週(12th week),第十六週(16th week),出生後,A,,消化系統胚胎學 陳永佳,"📖 chatGPT 學長背景知識  
肝臟在胚胎發育過程中扮演著重要的角色，特別是在造血功能的發展上。了解肝臟的造血功能開始的時期對於掌握胚胎學及血液學的基礎知識至關重要。

核心觀念：  
- 胚胎發育過程中，造血功能的發展經歷多個階段。  
- 最早的造血器官是『卵黃囊』，隨後是『肝臟』。  
- 肝臟的造血功能在胚胎發育的特定時期開始。  

解析：  
1. 在胚胎發育的早期，造血主要由『卵黃囊』負責，這一階段大約在第3週開始。  
2. 隨著胚胎的發展，肝臟成為主要的造血器官，這一過程通常在第6週開始。  
3. 到了第12週，肝臟的造血功能進一步增強，並持續到胎兒期的後期。  
4. 第16週時，肝臟的造血功能達到高峰，並且在出生後，造血功能會逐漸轉移到『骨髓』。  

結論：根據上述分析，肝臟的造血功能最早開始於胚胎的第六週，因此正確答案為 (A) 第六週。"
20,肛管(anal canal)的形成涉及哪兩個結構的融合？,泌尿生殖膜(urogenital membrane) 和肛膜(anal membrane),肛膜(anal membrane)和後腸,泌尿生殖膜(urogenital membrane)和泄殖腔膜(cloaca membrane),後腸(hindgut)和外胚層(ectoderm)/原肛(proctodeum),D,,消化系統胚胎學 陳永佳,"📖 chatGPT 學長背景知識  
肛管的形成是胚胎發育中的一個重要過程，涉及多個結構的相互作用。肛管的發育主要源自於後腸和外胚層的融合，這一過程對於正常的消化和排泄功能至關重要。

核心觀念：  
- 肛管的形成涉及『後腸(hindgut)』和『外胚層(ectoderm)』的融合。  
- 外胚層的部分形成『原肛(proctodeum)』，是肛管的外部結構。  
- 後腸是消化道的末端部分，負責形成肛管的內部結構。  
- 在胚胎發育過程中，這兩個結構的融合形成了完整的肛管，並且在出生後發展為功能性結構。  

解析選項：  
(A) 泌尿生殖膜(urogenital membrane) 和肛膜(anal membrane)  
- 此選項不正確，因為肛膜是肛管的外部結構，但並不涉及肛管的形成。  

(B) 肛膜(anal membrane)和後腸  
- 此選項不正確，肛膜是肛管的外部結構，並不直接參與形成過程。  

(C) 泌尿生殖膜(urogenital membrane)和泄殖腔膜(cloaca membrane)  
- 此選項不正確，因為這兩個結構與肛管的形成無關。  

(D) 後腸(hindgut)和外胚層(ectoderm)/原肛(proctodeum)  
- 此選項正確，因為後腸和外胚層的融合形成了肛管的結構。  

結論：正確答案為(D) 後腸(hindgut)和外胚層(ectoderm)/原肛(proctodeum)。"
21,關於功能性便秘的定義(ROME IV)，一週排便需小於幾次？,1,2,3,4,C,,消化系統簡介 王耀廣,"📖 chatGPT 學長背景知識  
功能性便秘是一種常見的消化系統疾病，其診斷依據主要來自於『ROME IV』標準。該標準提供了一系列的診斷準則，以幫助醫療專業人員準確識別和治療此類疾病。

核心觀念：  
- 功能性便秘的定義依據『ROME IV』標準。  
- 主要特徵包括排便頻率減少、排便困難或不完全排便感。  
- 根據『ROME IV』，功能性便秘的診斷需滿足以下條件：  
  - 一週內排便次數少於『3次』。  
  - 伴隨至少兩項以下症狀：  
    1. 排便困難  
    2. 便便硬  
    3. 便秘時需用力  
    4. 排便不完全感  
    5. 便秘時需使用手法協助排便  

根據以上定義，正確答案為 (C) 3。"
22,以下何者非便秘的警示症狀(alarm symptom)？,血便,體重減輕,貧血,吃軟便藥無效,D,,消化系統簡介 王耀廣,"📖 chatGPT 學長背景知識  
便秘是一種常見的消化系統問題，通常定義為排便頻率減少或排便困難。便秘的警示症狀（alarm symptoms）是指在評估便秘時，可能提示潛在嚴重疾病的症狀。了解這些症狀有助於及早發現可能的病理狀況。

核心觀念：  
- 便秘的警示症狀包括：  
  - 『血便』：可能提示腸道出血或腫瘤。  
  - 『體重減輕』：可能表示潛在的惡性腫瘤或其他系統性疾病。  
  - 『貧血』：可能由於慢性出血或營養不良引起，需進一步評估。  
  - 『吃軟便藥無效』：雖然這可能表示便秘的嚴重性，但不一定是警示症狀。

解析：  
在選項中，(A) 血便、(B) 體重減輕、(C) 貧血均為便秘的警示症狀，因為它們可能暗示著潛在的嚴重疾病，如腸道腫瘤或其他病理狀況。相對而言，(D) 吃軟便藥無效雖然顯示便秘的嚴重性，但並不直接指向潛在的危險疾病，因此不被視為警示症狀。

結論：  
正確答案為 (D) 吃軟便藥無效，因為這並非便秘的警示症狀。"
23,Peutz-Jeghers syndrome 的表現最不可能有以下何者,黏膜皮膚色素堆積,骨肉瘤(Osteosarcoma),多發腸胃道息肉,大腸癌,B,,消化道病理學 馬佑鈞,"📖 chatGPT 學長背景知識  
Peutz-Jeghers syndrome（PJS）是一種遺傳性疾病，主要特徵為多發性腸胃道『息肉』及『黏膜』和『皮膚』的色素沉著。此症候群與多種腫瘤風險增加有關，特別是『大腸癌』和其他腫瘤。

核心觀念：  
- Peutz-Jeghers syndrome（PJS）是由STK11基因突變引起的遺傳性疾病。  
- 主要表現包括：  
  - 『黏膜皮膚色素堆積』：患者通常在嘴唇、口腔及手掌等部位出現褐色或藍黑色的色素斑。  
  - 『多發腸胃道息肉』：患者會有多個良性息肉，通常在小腸及大腸中發現。  
  - 『大腸癌』：PJS患者的腫瘤風險顯著增加，特別是大腸癌及胰臟癌。  

- 『骨肉瘤（Osteosarcoma）』：雖然PJS患者有增加多種腫瘤的風險，但骨肉瘤並不是此症候群的典型表現，且其發生率相對較低。

解析選項：  
(A) 黏膜皮膚色素堆積：符合PJS的典型表現。  
(B) 骨肉瘤(Osteosarcoma)：不常見，且不是PJS的主要表現。  
(C) 多發腸胃道息肉：符合PJS的典型表現。  
(D) 大腸癌：符合PJS的典型表現。  

結論：  
根據上述分析，Peutz-Jeghers syndrome的表現中，最不可能出現的選項為(B) 骨肉瘤(Osteosarcoma)。"
24,"腸胃道基質瘤(gastrointestinal stromal tumor, GIST)最不常見的突變基因是：",PDGFRA,PDGFRB,SDH,c-KIT,B,,消化道病理學 馬佑鈞,"📖 chatGPT 學長背景知識  
腸胃道基質瘤（GIST）是一種起源於腸胃道的間葉組織腫瘤，主要由平滑肌細胞或間質細胞組成。GIST 的發生與特定基因突變有關，尤其是與『c-KIT』和『PDGFRA』基因的突變密切相關。這些突變會導致細胞增殖和生存的異常，進而促進腫瘤的發展。

核心觀念：
- GIST 的主要驅動基因突變包括：
  - 『c-KIT』基因：最常見的突變基因，約 75%-80% 的 GIST 患者有此突變。
  - 『PDGFRA』基因：第二常見的突變基因，約 5%-10% 的 GIST 患者有此突變。
  - 『PDGFRB』基因：相對較少見的突變，與 GIST 的關聯性較低。
  - 『SDH』基因：與家族性 GIST 及某些特定類型的 GIST 相關，突變率較低。

- 在選項中，『PDGFRA』和『c-KIT』是最常見的突變基因，而『SDH』和『PDGFRB』則相對較少見。
- 根據目前的研究，『PDGFRB』基因的突變在 GIST 中最不常見。

結論：根據上述分析，腸胃道基質瘤中最不常見的突變基因是 (B) PDGFRB。"
25,有關克隆氏病(Crohn disease)的敘述，下列何者最正確？,好發於小腸及右半結腸,常出現連續性病灶,病理特徵是表淺的潰瘍,腸壁纖維化不是常見的併發症,A,,消化道病理學 馬佑鈞,"📖 chatGPT 學長背景知識  
克隆氏病（Crohn disease）是一種慢性炎症性腸病，主要影響消化道的任何部分，最常見於小腸和結腸。其病理特徵及臨床表現具有多樣性，以下是對題目選項的詳細解析。

核心觀念：  
- 克隆氏病的好發部位主要為『小腸』及『右半結腸』。  
- 病變通常呈現『不連續性』，即病灶之間有正常腸道組織。  
- 病理特徵包括『深層潰瘍』及『腸壁纖維化』，而非表淺潰瘍。  
- 腸壁『纖維化』及『狹窄』是克隆氏病的常見併發症之一。  

選項解析：  
(A) 好發於小腸及右半結腸  
- 正確。克隆氏病最常見於小腸，特別是末端迴腸及右半結腸。

(B) 常出現連續性病灶  
- 錯誤。克隆氏病的病灶通常是『不連續性』的，與潰瘍性結腸炎不同，後者的病灶是連續的。

(C) 病理特徵是表淺的潰瘍  
- 錯誤。克隆氏病的病理特徵是『深層潰瘍』，並且可能伴隨腸壁的纖維化和狹窄。

(D) 腸壁纖維化不是常見的併發症  
- 錯誤。腸壁『纖維化』及『狹窄』是克隆氏病的常見併發症，可能導致腸梗阻。

結論：  
正確答案為 (A)。克隆氏病的特徵包括好發於小腸及右半結腸，並且病灶呈現不連續性，伴隨深層潰瘍及腸壁纖維化等併發症。"
26,在大腸癌產生機轉中，adenoma-carcinoma sequence 與什麼基因異常較無關係？,KRAS,APC,SMAD,MLH1,D,,消化道病理學 馬佑鈞,"📖 chatGPT 學長背景知識  
大腸癌的發展通常遵循『腺瘤-癌症序列』(adenoma-carcinoma sequence)，這是一個漸進式的過程，從良性的腺瘤轉變為惡性的癌症。這一過程涉及多種基因的突變和異常，主要包括腫瘤抑制基因和原癌基因的變化。

核心觀念：  
- 『腺瘤-癌症序列』是大腸癌發展的主要機制。  
- 主要基因異常包括：  
  - 『APC』基因：作為腫瘤抑制基因，早期突變與腺瘤形成有關。  
  - 『KRAS』基因：原癌基因，通常在腺瘤進一步轉變為癌症時突變。  
  - 『SMAD』基因：參與轉化生長因子β（TGF-β）信號通路，與腫瘤進展有關。  
- 『MLH1』基因：主要與『遺傳性非息肉性大腸癌』(Lynch syndrome) 相關，並不直接參與腺瘤-癌症序列。

解析選項：  
(A) KRAS：與腺瘤轉變為癌症密切相關，故不正確。  
(B) APC：早期突變是腺瘤形成的關鍵，故不正確。  
(C) SMAD：雖然與腫瘤進展有關，但不如APC和KRAS直接參與腺瘤-癌症序列，故可能是正確答案。  
(D) MLH1：主要與遺傳性非息肉性大腸癌相關，與腺瘤-癌症序列的關聯性較低，故為正確答案。

結論：在大腸癌的『腺瘤-癌症序列』中，與之較無關的基因異常是(D) MLH1。"
27,何種淋巴癌與胃幽門螺旋桿菌感染最相關？,anaplastic large cell lymphoma,Burkitt lymphoma (伯基氏淋巴癌),marginal zone (邊緣區) lymphoma of mucosa-associated lymphoid tissue (黏膜淋巴組織),mantle cell (被套細胞) lymphoma,C,,消化道病理學 馬佑鈞,"📖 chatGPT 學長背景知識  
淋巴癌是一類源自淋巴系統的惡性腫瘤，與多種感染、免疫狀態及環境因素有關。胃幽門螺旋桿菌（Helicobacter pylori, H. pylori）是一種與胃部疾病密切相關的細菌，研究顯示其與某些淋巴癌類型之間存在關聯。

核心觀念：  
- 胃幽門螺旋桿菌感染與『淋巴癌』的關聯性  
- 特定淋巴癌類型與『慢性炎症』及『免疫反應』的關係  
- 相關淋巴癌類型的特徵及流行病學數據  

解析：  
1. **淋巴癌類型概述**  
   - (A) **anaplastic large cell lymphoma**：這是一種高度惡性的淋巴瘤，通常與病毒感染（如EB病毒）有關，與H. pylori的關聯性較低。  
   - (B) **Burkitt lymphoma**：這種淋巴癌多見於兒童，與EB病毒感染有關，與H. pylori無明顯關聯。  
   - (C) **marginal zone lymphoma of mucosa-associated lymphoid tissue (MALT lymphoma)**：這是一種與慢性炎症有關的淋巴癌，特別是與H. pylori感染密切相關。  
   - (D) **mantle cell lymphoma**：這種淋巴癌通常與慢性淋巴增生有關，與H. pylori的關聯性不明顯。  

2. **H. pylori與淋巴癌的關聯**  
   - H. pylori感染可導致胃部的慢性炎症，進而引發淋巴組織的增生，形成MALT淋巴瘤。  
   - MALT淋巴瘤的發展通常需要長期的H. pylori感染，並且在治療H. pylori後，部分患者的淋巴瘤可逆轉或縮小。  

3. **結論**  
   - 根據上述分析，最與胃幽門螺旋桿菌感染相關的淋巴癌類型為 **(C) marginal zone lymphoma of mucosa-associated lymphoid tissue (MALT lymphoma)**。  
   - 此外，早期診斷及治療H. pylori感染對於預防及治療相關淋巴癌具有重要意義。  

總結來說，MALT淋巴瘤是與H. pylori感染最相關的淋巴癌類型，這一點在臨床上具有重要的診斷和治療意義。"
28,在大腸癌產生機轉中，the mismatch repair pathway 與什麼基因異常較無關係？,MDM2,BRAF,BAX,TCF4,A,,消化道病理學 馬佑鈞,"📖 chatGPT 學長背景知識  
在大腸癌的發展中，基因異常與『錯配修復途徑』(mismatch repair pathway) 的關聯性是重要的研究方向。錯配修復途徑主要負責修復DNA複製過程中產生的錯誤，當此途徑失效時，可能導致微衛星不穩定性(MSI)及腫瘤的形成。

核心觀念：  
- 『錯配修復途徑』：主要涉及修復DNA複製中的錯誤，與多種癌症的發展有關，特別是大腸癌。  
- 『基因異常』：在大腸癌中，某些基因的突變或異常與錯配修復途徑的功能失常有關。  
- 主要相關基因：  
  - 『BRAF』：常見於大腸癌，特別是微衛星不穩定性(MSI)的腫瘤中，與錯配修復途徑有關。  
  - 『MDM2』：與腫瘤抑制基因p53的調控有關，與錯配修復途徑的直接關聯性較低。  
  - 『BAX』：參與細胞凋亡的調控，與大腸癌的發展有一定關聯，但不直接影響錯配修復途徑。  
  - 『TCF4』：參與Wnt信號通路，與大腸癌的發展有關，但與錯配修復途徑的關聯性較低。  

解析選項：  
(A) MDM2：雖然與腫瘤形成有關，但與錯配修復途徑的關聯性較低。  
(B) BRAF：與錯配修復途徑有明顯關聯，特別是在MSI腫瘤中。  
(C) BAX：雖然與癌症有關，但不直接影響錯配修復途徑。  
(D) TCF4：與大腸癌有關，但與錯配修復途徑的關聯性較低。  

結論：  
根據以上分析，選擇『A) MDM2』作為與錯配修復途徑較無關的基因異常。"
29,一位80歲男性因嘔吐來急診，醫師檢查嘔吐物時發現內含膽汁，則最可能是下列那種疾病？,大腸癌,胃癌,食道腫瘤,胰管癌,A,,消化道病理學 馬佑鈞,"📖 chatGPT 學長背景知識  
- 嘔吐物中出現『膽汁』通常表示腸道內容物逆流至胃部，這可能與腸道阻塞或腸道病變有關。  
- 『膽汁』是由肝臟產生，儲存在膽囊中，主要功能是幫助消化脂肪。當腸道受到阻塞時，膽汁可能會回流至胃部並隨之嘔吐。  
- 年長患者出現嘔吐，特別是伴隨膽汁，需考慮惡性腫瘤或其他消化道病變。  

解析選項：  
(A) 大腸癌  
- 大腸癌通常不會直接導致膽汁嘔吐，除非有腸道完全阻塞，但這並不常見。  

(B) 胃癌  
- 胃癌可能導致嘔吐，但通常不會導致膽汁出現，因為胃的解剖位置不會直接影響膽汁的排出。  

(C) 食道腫瘤  
- 食道腫瘤可能導致吞嚥困難和嘔吐，但也不常見膽汁嘔吐的情況。  

(D) 胰管癌  
- 胰管癌可能導致膽道阻塞，進而引起膽汁回流至胃部，導致嘔吐物中出現膽汁。這是最符合題意的選項。  

結論：根據上述分析，最可能的疾病為『胰管癌』(D)。"
30,出生三週的男孩，餵食時常出現嘔吐，進而演變成不含膽汁的嘔吐，身體檢查發現腹部有一腫塊，最可能的診斷為何？,胃腸道基質細胞瘤(GIST),巨結腸(megacolon),幽門狹窄(pyloric stenosis),"壞死性小腸結腸炎(Necrotizing enterocolitis, NEC)",C,,消化道病理學 馬佑鈞,"📖 chatGPT 學長背景知識  
- 本題涉及新生兒的消化系統問題，特別是嘔吐的原因及其相關診斷。  
- 新生兒期的嘔吐常見於多種病理狀況，需根據臨床表現及檢查結果進行鑑別診斷。  

核心觀念：  
- 嘔吐的性質：初期為『含膽汁』，後期變為『不含膽汁』，提示腸道阻塞。  
- 腹部腫塊：可能指示腸道或其他腹部器官的病變。  
- 年齡：三週大的男孩，需考慮常見於此年齡段的疾病。  

逐項分析選項：  
(A) 胃腸道基質細胞瘤(GIST)  
- GIST在新生兒中相對罕見，且通常不會表現為急性嘔吐或腹部腫塊。  

(B) 巨結腸(megacolon)  
- 巨結腸通常伴隨便秘，且不常見於出生三週的嬰兒，且不一定會導致嘔吐。  

(C) 幽門狹窄(pyloric stenosis)  
- 幽門狹窄常見於出生後3-12週的男嬰，表現為『不含膽汁』的嘔吐，且可伴隨腹部腫塊（幽門腫塊）。  

(D) 壞死性小腸結腸炎(Necrotizing enterocolitis, NEC)  
- NEC通常發生在早產兒，且多伴隨腹脹、血便等症狀，且不常見於出生三週的足月嬰兒。  

結論：  
根據上述分析，最符合病史及臨床表現的診斷為『幽門狹窄(pyloric stenosis)』，因為其典型的嘔吐特徵及腹部腫塊的存在。正確答案為(C)。"
31,下列何者在粘膜下層(submucosa)會有腺體(submucosal gland)？,胃(stomach),空腸(jejunum),食道(esophagus),直腸(rectum),C,,消化系統組織學 林含貞,"📖 chatGPT 學長背景知識  
- 粘膜下層（submucosa）是消化道結構的一部分，位於粘膜層（mucosa）與肌肉層（muscularis）之間。  
- 粘膜下層通常包含血管、神經和腺體，這些腺體在不同的消化道部位有不同的功能。  
- 腺體的存在與分泌功能有關，對於消化過程至關重要。  

解析：  
(A) 胃（stomach）  
- 胃的粘膜下層含有『腺體』，主要是胃腺（gastric glands），負責分泌胃酸和消化酶。  

(B) 空腸（jejunum）  
- 空腸的粘膜下層通常不含有明顯的『腺體』，主要功能是吸收養分，腺體主要集中在粘膜層內。  

(C) 食道（esophagus）  
- 食道的粘膜下層有少量的『腺體』，主要是分泌黏液以潤滑食物，但相對於其他部位，腺體的數量較少。  

(D) 直腸（rectum）  
- 直腸的粘膜下層也有『腺體』，主要是分泌黏液以協助排便，但其功能與胃和腸道的腺體不同。  

結論：  
根據以上分析，選項中在粘膜下層有腺體的主要是胃（A），而空腸（B）和食道（C）則相對較少，直腸（D）雖然有腺體，但其功能與胃腺不同。因此，正確答案為：  
(A) 胃（stomach）"
32,下列敘述何者錯誤？,主細胞(chief cell)分泌 HCI,胃底腺(fundic/gastric glands)主細胞 (chief cell)最多,幽門腺(pyloric glands)的pit 跟gland 的深度比約2:1,壁細胞(parietal cell)分泌內在因子(intrinsic factor),A,,消化系統組織學 林含貞,"📖 chatGPT 學長背景知識

- 胃的主要腺體包括『胃底腺』和『幽門腺』。
- 『主細胞』主要負責分泌『胃蛋白酶原』，而非『HCl』。
- 『壁細胞』則負責分泌『鹽酸(HCl)』和『內在因子』。
- 胃底腺的結構特徵包括『主細胞』和『壁細胞』的比例。

解析：

(A) 主細胞(chief cell)分泌 HCI  
- 錯誤。主細胞主要分泌『胃蛋白酶原』，而『壁細胞』才是分泌『HCl』的細胞。

(B) 胃底腺(fundic/gastric glands)主細胞 (chief cell)最多  
- 正確。胃底腺中主細胞的數量相對較多，主要負責消化酶的分泌。

(C) 幽門腺(pyloric glands)的pit 跟gland 的深度比約2:1  
- 正確。幽門腺的pit（腺體開口）相對於gland（腺體）的深度比約為2:1，這是其結構特徵之一。

(D) 壁細胞(parietal cell)分泌內在因子(intrinsic factor)  
- 正確。壁細胞不僅分泌『HCl』，還分泌『內在因子』，這對於維生素B12的吸收至關重要。

結論：根據以上解析，選項(A)是錯誤的敘述。"
33,玻片標籤遺失，紅姐在顯微鏡下觀察到此玻片上皮不具有杯狀細胞(goblet cells)，請問此玻片最可能是下列何種器官？,直腸(rectum),小腸(small intestine),大腸(colon),胃(stomach),D,,消化系統組織學 林含貞,"📖 chatGPT 學長背景知識  
- 玻片標本的觀察是組織學的重要部分，能夠幫助我們理解不同器官的結構與功能。  
- 『杯狀細胞』是分泌黏液的特殊細胞，通常存在於某些消化道器官中。  
- 不同器官的上皮組織具有特定的細胞組成，這對於識別器官至關重要。

解析：  
1. **直腸 (rectum)**  
   - 直腸的上皮通常包含『杯狀細胞』，這些細胞有助於潤滑和保護腸道。  
   - 因此，直腸不太可能是正確答案。

2. **小腸 (small intestine)**  
   - 小腸的上皮也含有大量的『杯狀細胞』，這些細胞在消化過程中分泌黏液以保護腸道並促進食物通過。  
   - 因此，小腸也不符合題目描述。

3. **大腸 (colon)**  
   - 大腸的上皮有『杯狀細胞』，這些細胞的數量相對於小腸較多，主要功能是分泌黏液以幫助糞便的形成和排出。  
   - 因此，大腸不符合題目描述。

4. **胃 (stomach)**  
   - 胃的上皮主要由『主細胞』和『壁細胞』組成，並不含有『杯狀細胞』。  
   - 胃的主要功能是分泌胃酸和消化酶，而不是分泌黏液。

結論：  
根據以上分析，玻片上皮不具有『杯狀細胞』的特徵，最可能是『胃 (stomach)』。因此，正確答案為 (D) 胃。"
34,下列何者不是用來增加表面積的構造？,絨毛(villi),小腸的環狀皺襞(plica circulares),胃的皺褶(rugae),微絨毛(microvilli),C,,消化系統組織學 林含貞,"📖 chatGPT 學長背景知識  
- 人體消化系統中，『表面積』的增加對於『營養吸收』至關重要。  
- 各種構造的存在旨在提高腸道的『吸收效率』。  

解析：  
本題要求選出一項不是用來增加表面積的構造。以下是各選項的分析：

(A) 絨毛(villi)  
- 絨毛是小腸內壁的細小突起，能顯著增加腸道的『表面積』，促進『營養吸收』。  

(B) 小腸的環狀皺襞(plica circulares)  
- 環狀皺襞是小腸內壁的褶皺結構，增加了腸道的『表面積』，同樣有助於『吸收』。  

(C) 胃的皺褶(rugae)  
- 胃的皺褶主要是為了容納食物並在消化過程中進行攪拌，雖然有一定的『表面積』增加，但其主要功能並非專注於吸收。  

(D) 微絨毛(microvilli)  
- 微絨毛是腸道上皮細胞表面的微小突起，極大地增加了『表面積』，是吸收過程中最重要的結構之一。  

結論：  
根據以上分析，選項(C) 胃的皺褶(rugae)雖然有助於胃的功能，但其主要目的並非增加『表面積』以促進吸收。因此，答案為(C)。"
35,下列有關牙齒的敘述何者正確？,牙釉質(enamel)是由成釉細胞(ameloblasts)所分泌形成,齒堊質(cementum)覆蓋牙冠(crown),Tomes' process 是牙本質細胞(odontoblasts)伸到牙本質(dentin)的突起,contour lines of Retzius 可以在牙本質(dentin)觀察到,A,,消化系統組織學 林含貞,"📖 chatGPT 學長背景知識  
在牙齒的結構中，牙釉質、牙本質和齒堊質是三種主要的組織，各自具有獨特的功能和形成過程。了解這些組織的特性及其來源對於牙科醫學的學習至關重要。

核心觀念：  
- 牙釉質（enamel）是牙齒中最外層的硬組織，主要由『成釉細胞』（ameloblasts）分泌形成。  
- 齒堊質（cementum）是覆蓋在牙根（root）上的組織，並不覆蓋牙冠（crown）。  
- 『Tomes' process』是指牙本質細胞（odontoblasts）向牙本質（dentin）延伸的突起，負責牙本質的形成。  
- 『Retzius線』是牙釉質中的結構，並不在牙本質中觀察到。

解析選項：  
(A) 牙釉質是由成釉細胞所分泌形成。  
此選項正確。牙釉質的形成確實是由成釉細胞分泌的，這些細胞在牙齒發育過程中起著關鍵作用。

(B) 齒堊質覆蓋牙冠。  
此選項錯誤。齒堊質主要覆蓋牙根，而牙冠則是由牙釉質覆蓋。

(C) Tomes' process 是牙本質細胞伸到牙本質的突起。  
此選項正確。Tomes' process 是牙本質細胞的突起，這些突起延伸至牙本質中，參與牙本質的形成。

(D) contour lines of Retzius 可以在牙本質觀察到。  
此選項錯誤。Retzius線是牙釉質中的特徵結構，並不在牙本質中可見。

結論：正確的選項為(A)和(C)。"
36,關於唾液腺(salivary glands)的敘述，下列何者錯誤？,腮腺 (parotid glands)為最大的唾液腺,閏管(intercalated duct)在腮腺(parotid glands)很發達,頜下腺(submandibular glands)是混合腺體(mixed gland),大部分的唾液腺腫瘤源自頜下腺(submandibular glands),D,,消化系統組織學 林含貞,"📖 chatGPT 學長背景知識  
唾液腺是負責分泌唾液的腺體，主要分為三對主要腺體：腮腺、頜下腺和舌下腺。唾液腺的功能包括潤滑口腔、幫助消化及抗菌作用。了解各種唾液腺的解剖結構及其功能對於臨床醫學非常重要。

核心觀念：  
- 『腮腺』(parotid glands)是最大的唾液腺，位於耳下方，主要分泌清澈的漿液性唾液。  
- 『閏管』(intercalated duct)是唾液腺內的一部分，負責將分泌物引導至主導管，腮腺的閏管相對較短且不發達。  
- 『頜下腺』(submandibular glands)是混合腺體，分泌漿液性和黏液性唾液。  
- 唾液腺腫瘤的發生率中，頜下腺的腫瘤相對較少見，主要腫瘤來源為腮腺。

解析選項：  
(A) 正確。腮腺確實是最大的唾液腺。  
(B) 錯誤。腮腺的『閏管』並不發達，主要是因為腮腺的分泌物直接進入主導管。  
(C) 正確。頜下腺是混合腺體，能分泌漿液性及黏液性唾液。  
(D) 錯誤。大部分的唾液腺腫瘤源自『腮腺』，而非頜下腺。

結論：根據以上解析，選項(B)為錯誤敘述。"
37,關於味蕾(taste buds)的敘述何者正確？,絲狀乳頭(filiform papilla)沒有味蕾,蕈狀乳頭(fungiform papilla)的味蕾位於乳頭頂端,葉狀乳頭(foliate papilla)的味蕾位於乳頭側邊,支持細胞(supporting cells)是味蕾中數量最多的細胞,A,,消化系統組織學 林含貞,"📖 chatGPT 學長背景知識  
味蕾是位於舌頭及口腔內的感覺器官，主要負責味覺的感知。味蕾的結構和分布與不同類型的乳頭有關，這些乳頭各自具有不同的功能和特徵。

核心觀念：  
- 『味蕾』是感知味道的細胞群，主要分布在舌頭的不同乳頭上。  
- 『絲狀乳頭』(filiform papilla) 是最常見的乳頭類型，但不含味蕾。  
- 『蕈狀乳頭』(fungiform papilla) 的味蕾位於乳頭的『頂端』，能感知甜、鹹、酸、苦等味道。  
- 『葉狀乳頭』(foliate papilla) 的味蕾則位於乳頭的『側邊』，主要在舌根部。  
- 『支持細胞』(supporting cells) 在味蕾中數量雖然不少，但『感覺細胞』(taste cells) 才是主要的味覺感知細胞。

解析選項：  
(A) 正確。『絲狀乳頭』不含味蕾，主要功能是機械性作用。  
(B) 正確。『蕈狀乳頭』的味蕾確實位於乳頭的『頂端』。  
(C) 正確。『葉狀乳頭』的味蕾位於乳頭的『側邊』，這是其特徵之一。  
(D) 錯誤。雖然『支持細胞』在味蕾中存在，但『感覺細胞』的數量較多，且是主要的功能細胞。

結論：  
根據上述解析，正確的選項為 (A)、(B) 和 (C)，而 (D) 是錯誤的。"
38,下列何者位於腸道的粘膜下層(submucosa)？,歐巴氏神經叢(Auerbach's plexus),梅斯納氏神經叢 (Meissner's plexus),蒲金氏纖維 (Purkinje fiber),梅斯納氏小體(Meissner's corpuscle),B,,消化系統組織學 林含貞,"📖 chatGPT 學長背景知識  
- 腸道的結構分為四層：『粘膜』、『粘膜下層』、『肌層』和『外膜』。  
- 『粘膜下層』是腸道結構中重要的支持層，包含血管、神經和結締組織。  
- 腸道的神經叢主要分為兩種：『梅斯納氏神經叢』和『歐巴氏神經叢』。  

解析：  
(A) 歐巴氏神經叢(Auerbach's plexus)  
- 位於腸道的『肌層』之間，負責調控腸道的運動。  

(B) 梅斯納氏神經叢 (Meissner's plexus)  
- 位於『粘膜下層』，主要負責調控腸道的分泌和血流。  

(C) 蒲金氏纖維 (Purkinje fiber)  
- 主要存在於心臟的傳導系統中，與腸道無關。  

(D) 梅斯納氏小體(Meissner's corpuscle)  
- 是一種觸覺感受器，主要位於皮膚中，與腸道結構無關。  

結論：  
根據以上分析，正確答案為 (B) 梅斯納氏神經叢 (Meissner's plexus)，因為它位於腸道的『粘膜下層』。"
39,關於肝細胞的敘述何者錯誤？,細胞質呈嗜酸性染色(acidophilic),具有再生能力,會和相鄰的肝細胞形成膽小管(bile canaliculus),過氧化小體(peroxisome)負責分解細胞內老化受損的胞器,D,,消化系統組織學 林含貞,"📖 chatGPT 學長背景知識  
肝細胞是肝臟的主要功能細胞，具有多種生理功能，包括代謝、解毒和合成蛋白質。了解肝細胞的特性對於臨床醫學及病理學的研究至關重要。

核心觀念：  
- 肝細胞的『細胞質』通常呈現『嗜酸性』，因含有豐富的『線粒體』和『內質網』。  
- 肝細胞具有『再生能力』，在肝臟受損後能夠進行增殖以修復組織。  
- 肝細胞之間會形成『膽小管』，這是肝細胞分泌膽汁的通道。  
- 『過氧化小體』主要負責分解『脂肪酸』及『氨基酸』，而非專門用來分解老化受損的胞器。

解析：  
(A) 正確。肝細胞的細胞質因含有大量的線粒體和內質網，故呈現嗜酸性。  
(B) 正確。肝細胞具有再生能力，能在肝臟受損後進行增殖。  
(C) 正確。肝細胞會和相鄰的肝細胞形成膽小管，這是膽汁的排泄通道。  
(D) 錯誤。過氧化小體的主要功能是分解脂肪酸及氨基酸，而不是專門負責分解細胞內老化受損的胞器，這一功能通常由『自噬體』來執行。

結論：選項 (D) 是錯誤的敘述。"
40,下列關於肝臟的敘述何者正確？,毛細膽管(canal of Hering)管壁皆由膽管上皮細胞(cholangiocytes)構成,伊東細胞位於莫氏空間(space of Mall),庫氏細胞(Kupffer cells)位於迪氏空間(space of Disse),肝臟缺血時最先受到傷害的是肝腺泡(hepatic acinus)的第三區(zone 3),D,,消化系統組織學 林含貞,"📖 chatGPT 學長背景知識

- 肝臟是人體最大的內臟器官，具有多種功能，包括代謝、解毒和合成蛋白質。
- 肝臟的結構包括肝小葉、肝腺泡及其周圍的空間，如『莫氏空間』和『迪氏空間』。
- 肝臟的細胞類型包括肝細胞、庫氏細胞、伊東細胞等，這些細胞在肝臟的功能和結構中扮演重要角色。

解析：

(A) 毛細膽管(canal of Hering)管壁皆由膽管上皮細胞(cholangiocytes)構成  
- 錯誤。毛細膽管的管壁主要由『膽管上皮細胞』構成，但也包含『肝細胞』的延伸部分，並非完全由膽管上皮細胞構成。

(B) 伊東細胞位於莫氏空間(space of Mall)  
- 正確。『伊東細胞』是肝臟中的星狀細胞，主要位於『莫氏空間』，這是肝小葉與肝小管之間的區域，負責儲存維生素A及參與肝臟的纖維化過程。

(C) 庫氏細胞(Kupffer cells)位於迪氏空間(space of Disse)  
- 錯誤。『庫氏細胞』是肝臟的巨噬細胞，主要位於肝小葉的『血窩』中，而非『迪氏空間』。『迪氏空間』是肝細胞與肝窦之間的區域，主要包含血液和淋巴液。

(D) 肝臟缺血時最先受到傷害的是肝腺泡(hepatic acinus)的第三區(zone 3)  
- 正確。肝臟的『第三區』位於肝腺泡的最外圍，因為這裡的血流最少，對缺氧和缺血的耐受性最低，因此在肝臟缺血時，最先受到傷害的區域就是第三區。

結論：正確選項為 (B) 和 (D)。"
41,關於膽囊壁的組織學構造敘述，下列何者正確？,具有粘膜下層(submucosa),肌外層(muscularis externa)的平滑肌走向為不規則排列,粘膜肌層(muscularis mucosa)很明顯,固有層(lamina propria)富含竇狀微血管(sinusoidal capillaries),B,,消化系統組織學 林含貞,"📖 chatGPT 學長背景知識  
膽囊是儲存和濃縮膽汁的器官，其組織學構造對於理解其功能至關重要。膽囊壁的主要組織層包括粘膜、肌層和外膜。以下是對題目選項的詳細解析：

1. **(A) 具有粘膜下層(submucosa)**  
   - 錯誤。膽囊的粘膜層下方並沒有明顯的『粘膜下層』。膽囊的粘膜直接與平滑肌層相接，這是其特徵之一。

2. **(B) 肌外層(muscularis externa)的平滑肌走向為不規則排列**  
   - 正確。膽囊的『肌外層』由平滑肌組成，這些平滑肌纖維的排列確實是『不規則』的，這有助於膽囊在收縮時能夠有效地排出膽汁。

3. **(C) 粘膜肌層(muscularis mucosa)很明顯**  
   - 錯誤。膽囊的『粘膜肌層』並不明顯，通常在膽囊的組織學中不會被清楚地辨識出來。

4. **(D) 固有層(lamina propria)富含竇狀微血管(sinusoidal capillaries)**  
   - 錯誤。膽囊的『固有層』主要由結締組織組成，並不富含『竇狀微血管』。膽囊的血供主要來自膽囊動脈，並不涉及這類微血管。

總結：正確答案為 (B)，因為膽囊的肌外層平滑肌確實呈現不規則排列的特徵。"
42,關於胰臟的敘述，下列何者錯誤？,泡心細胞(centroacinar cells)屬於胰臟的管道細胞,用電子顯微鏡觀察 cell的顆粒中間有結晶的構造,H&E 染色可以區分蘭氏小島中的內分泌細胞,外分泌部的腺泡(pancreatic acinus)組成細胞內部有許多嗜酸性的酶原顆粒(zymogen granules),C,,消化系統組織學 林含貞,"📖 chatGPT 學長背景知識  
胰臟是一個具有外分泌和內分泌功能的腺體，主要負責消化酶的分泌及血糖的調節。了解胰臟的結構及功能對於臨床醫學及病理學的學習至關重要。

核心觀念：
- 胰臟的外分泌部分主要由『腺泡』組成，分泌消化酶。
- 『蘭氏小島』是胰臟的內分泌部分，負責分泌胰島素等激素。
- 『泡心細胞』是胰臟管道系統的一部分，參與胰液的調節。
- 電子顯微鏡可用於觀察細胞內部結構，包括『酶原顆粒』。

解析選項：
(A) 泡心細胞(centroacinar cells)屬於胰臟的管道細胞  
正確。泡心細胞位於腺泡與導管之間，屬於胰臟的管道細胞，參與胰液的分泌。

(B) 用電子顯微鏡觀察 cell的顆粒中間有結晶的構造  
錯誤。胰臟的『酶原顆粒』通常不會顯示結晶結構，這是電子顯微鏡觀察的常見誤解。酶原顆粒主要是以非結晶的形式存在。

(C) H&E 染色可以區分蘭氏小島中的內分泌細胞  
正確。H&E染色能夠有效區分蘭氏小島中的不同內分泌細胞，如α細胞和β細胞。

(D) 外分泌部的腺泡(pancreatic acinus)組成細胞內部有許多嗜酸性的酶原顆粒(zymogen granules)  
正確。腺泡細胞內含有大量的嗜酸性『酶原顆粒』，這些顆粒儲存消化酶的前體。

結論：根據上述解析，選項(B)為錯誤敘述。"
43,下列有關腸桿菌(Enterobacterales)的敘述何者最不適當？,"可發酵葡萄糖，不具有氧化酶(oxidase)，可發酵乳糖者如 E. coli, Klebsiella，在 MacConkey agar 形成粉紅至紫色的菌落",大腸桿菌O157:H7 常引起出血性腹瀉，H7的H指的是細菌的脂多醣(lipopolysaccharide),Shigella dysenteriae 可產生 Shiga toxin，此毒素可抑制宿主細胞蛋白質的合成,傷寒病人發病第1週，血液培養通常可呈現陽性,B,,消化系統之細菌感染 張仲羽,"📖 chatGPT 學長背景知識  
腸桿菌科（Enterobacterales）是一群重要的革蘭氏陰性細菌，廣泛存在於腸道及環境中，部分成員為病原菌。了解其特性及臨床意義對於醫學學習至關重要。

核心觀念：  
- 腸桿菌可『發酵』葡萄糖，且通常不具有『氧化酶』(oxidase)。  
- 可『發酵乳糖』的腸桿菌如 E. coli 和 Klebsiella，能在 MacConkey agar 上形成『粉紅至紫色』的菌落。  
- 大腸桿菌 O157:H7 是一種常見的病原菌，能引起『出血性腹瀉』，但 H7 的 H 代表的是『鞭毛抗原』(flagellar antigen)，而非『脂多醣』(lipopolysaccharide)。  
- Shigella dysenteriae 產生的『Shiga toxin』能抑制宿主細胞的『蛋白質合成』，導致嚴重的腸道症狀。  
- 傷寒病人發病第1週，『血液培養』通常可呈現『陽性』，是診斷傷寒的重要依據。

解析選項：  
(A) 正確，符合腸桿菌的特性。  
(B) 錯誤，O157:H7 的 H 代表『鞭毛抗原』，而非『脂多醣』。  
(C) 正確，Shiga toxin 的功能描述正確。  
(D) 正確，血液培養在傷寒病人第1週通常呈陽性。

結論：最不適當的敘述為 (B)。"
44,引起腸胃炎的大腸桿菌(E. coli)與其致病機轉間的配對，何者最不適當？,Enterotoxigenic E. coli (ETEC):產生腸毒素，導致水分及電解質流失,"Enteropathogenic E. coli (EPEC): 細菌附著到小腸上皮後造成附著和抹殺(A/E, Attachment/Effacement)組織病理變化，破壞微絨毛",Shiga toxin-producing E. coli (STEC): 細菌在小腸上皮細胞上產生如堆疊磚塊般(stacked-brick)的聚集黏附，減少液體吸收,Enteroinvasive E. coli (EIEC):侵入並破壞大腸表皮，造成黏膜潰瘍發炎,C,,消化系統之細菌感染 張仲羽,"📖 chatGPT 學長背景知識  
本題考察的是不同類型的大腸桿菌（E. coli）及其致病機轉的配對。大腸桿菌是一種常見的腸道細菌，其中某些變種能引起腸胃炎，了解其致病機轉對於臨床診斷與治療至關重要。

核心觀念：  
- **Enterotoxigenic E. coli (ETEC)**  
  - 產生『腸毒素』  
  - 導致『水分』及『電解質流失』  
- **Enteropathogenic E. coli (EPEC)**  
  - 附著到『小腸上皮』  
  - 造成『附著和抹殺(A/E)』組織病理變化  
  - 『破壞微絨毛』功能  
- **Shiga toxin-producing E. coli (STEC)**  
  - 在『小腸上皮細胞』上產生『堆疊磚塊』般的『聚集黏附』  
  - 減少『液體吸收』  
- **Enteroinvasive E. coli (EIEC)**  
  - 侵入並『破壞大腸表皮』  
  - 造成『黏膜潰瘍』及『發炎』  

解析：  
(A) ETEC 的配對正確，因其確實透過產生腸毒素導致水分及電解質流失。  
(B) EPEC 的配對也正確，因其附著後會造成附著和抹殺的組織病理變化，並破壞微絨毛。  
(C) STEC 的配對不正確，因為其主要致病機轉是產生『Shiga毒素』，而非以堆疊磚塊的方式聚集，且其影響主要在於引起出血性腹瀉，而非減少液體吸收。  
(D) EIEC 的配對正確，因其確實會侵入大腸表皮並造成黏膜潰瘍及發炎。

結論：  
因此，選項 (C) 是最不適當的配對，因為其描述的致病機轉與 STEC 的實際機制不符。"
45,下列可能引起食物中毒病原菌的敘述，何者最不適當？,金黃色葡萄球菌 (Staphylococcus aureus)的食物中毒是由不具耐熱性的腸毒素引起的,金黃色葡萄球菌(Staphylococcus aureus)的食物中毒通常症狀不會持續超過24小時且不需使用抗生素治療,"腸炎弧菌(Vibrio parahaemolyticus)會污染海鮮，並產生熱穩定溶血素(thermostable direct hemolysin, Kanagawa hemolysin)引起食物中毒",因食入受汙染的米飯而引起的食物中毒，最有可能是由蠟狀桿菌(Bacillus cereus)對熱穩定腸毒素(heat-stable enterotoxin)引起的,A,,消化系統之細菌感染 張仲羽,"📖 chatGPT 學長背景知識  
本題考察食物中毒的病原菌及其特性，特別是金黃色葡萄球菌、腸炎弧菌及蠟狀桿菌的相關知識。以下是各選項的詳細解析：

- (A) 金黃色葡萄球菌 (Staphylococcus aureus)的食物中毒是由不具耐熱性的『腸毒素』引起的  
  - 解析：金黃色葡萄球菌會產生腸毒素，這些毒素在烹煮過程中不會被破壞，因此即使食物經過加熱，仍可能導致中毒。此敘述正確。

- (B) 金黃色葡萄球菌(Staphylococcus aureus)的食物中毒通常症狀不會持續超過『24小時』且不需使用『抗生素』治療  
  - 解析：金黃色葡萄球菌引起的食物中毒通常症狀輕微，持續時間短，且因為是由毒素引起的，通常不需要抗生素治療。此敘述正確。

- (C) 腸炎弧菌(Vibrio parahaemolyticus)會污染『海鮮』，並產生『熱穩定溶血素』(thermostable direct hemolysin, Kanagawa hemolysin)引起食物中毒  
  - 解析：腸炎弧菌確實會污染海鮮，並且其產生的熱穩定溶血素是其致病機制之一。此敘述正確。

- (D) 因食入受汙染的米飯而引起的食物中毒，最有可能是由『蠟狀桿菌』(Bacillus cereus)對『熱穩定腸毒素』(heat-stable enterotoxin)引起的  
  - 解析：蠟狀桿菌的食物中毒主要是由『熱不穩定腸毒素』(heat-labile enterotoxin)引起，尤其是在米飯等澱粉類食物中，這個毒素在加熱後會被破壞。因此，這個敘述是錯誤的。

結論：最不適當的選項是(D)，因為蠟狀桿菌引起的食物中毒主要是由熱不穩定腸毒素引起，而非熱穩定腸毒素。"
46,下列有關幽門螺旋桿菌(Helicobacter pylori)的敘述，何者最不適當？,可在大氣環境(含約20%氧氣)和一般細菌培養基上培養,cagA (cytotoxin-associated gene)陽性菌株及IL-1高度產生與導致胃癌高風險有關,可能會導致胃潰瘍(gastric ulcer)或十二指腸潰瘍 (duodenal ulcer),針對此菌的呼氣測試是檢測此菌的尿素酶(urease)活性，偵測的氣體為二氧化碳(CO2)，是一種非侵入性的檢驗方法，有不錯的敏感度及專一性,A,,消化系統之細菌感染 張仲羽,"📖 chatGPT 學長背景知識  
幽門螺旋桿菌（Helicobacter pylori）是一種革蘭氏陰性、螺旋形的細菌，主要寄生於胃黏膜，與多種胃腸道疾病有關，包括胃潰瘍、十二指腸潰瘍及胃癌等。以下是對題目選項的詳細解析：

1. **選項(A)**：可在大氣環境(含約20%氧氣)和一般細菌培養基上培養  
   - 幽門螺旋桿菌為『微需氧』細菌，雖然能在含有少量氧氣的環境中生長，但其最佳生長條件為低氧環境。因此，此選項的敘述不完全正確，因為它不適合在一般細菌培養基上培養。

2. **選項(B)**：cagA (cytotoxin-associated gene)陽性菌株及IL-1高度產生與導致胃癌高風險有關  
   - 這個敘述是正確的。研究顯示，cagA陽性菌株與胃癌的發生風險有顯著關聯，且IL-1的產生也與炎症反應及癌變有關。

3. **選項(C)**：可能會導致胃潰瘍(gastric ulcer)或十二指腸潰瘍 (duodenal ulcer)  
   - 此選項正確。幽門螺旋桿菌是胃潰瘍和十二指腸潰瘍的主要病因之一，通過破壞胃黏膜及引發炎症反應來促進潰瘍的形成。

4. **選項(D)**：針對此菌的呼氣測試是檢測此菌的尿素酶(urease)活性，偵測的氣體為二氧化碳(CO2)，是一種非侵入性的檢驗方法，有不錯的敏感度及專一性  
   - 此選項的敘述部分正確，但有誤導性。呼氣測試確實是檢測尿素酶活性的方法，並且偵測的氣體主要是『氨』和『二氧化碳』，而非僅僅是二氧化碳。因此，這個選項的描述不夠精確。

綜合以上分析，最不適當的選項為(A)，因為幽門螺旋桿菌的培養環境並不適合在一般細菌培養基上進行。"
47,下列敘述何者最不適當？,霍亂毒素(cholera toxin)為A-B毒素(A-B toxin)，能活化 adenylate cyclase，增加 cyclic AMP濃度，造成腹瀉症狀,霍亂病人可能出現嚴重水瀉、脫水、酸中毒和低血鉀等症候，需先補充液體和電解質，再以抗生素 azithromycin 治療,無症狀的傷寒沙門氏桿菌(Salmonella Typhi) 帶原者如傷寒瑪莉(Typhoid Mary)，通常細菌最常躲在帶原者的肝臟中,空腸曲狀桿菌(Campylobacter jejuni)需在微需氧(microaerophilic)環境下生長，感染會引起腸胃炎(gastroenteritis)，可能引起 Guillain-Barré syndrome,C,,消化系統之細菌感染 張仲羽,"📖 chatGPT 學長背景知識

- 霍亂毒素為『A-B毒素』，可活化『adenylate cyclase』，導致『cyclic AMP』濃度增加，進而引發腹瀉。
- 霍亂病人可能出現『水瀉』、『脫水』、『酸中毒』及『低血鉀』等症狀，治療上需優先補充『液體』和『電解質』，再使用『抗生素』如『azithromycin』。
- 傷寒沙門氏桿菌的『無症狀帶原者』，如『傷寒瑪莉』，通常細菌藏匿於『膽囊』而非『肝臟』。
- 空腸曲狀桿菌需在『微需氧』環境下生長，感染可引起『腸胃炎』，並可能導致『Guillain-Barré syndrome』。

解析：

選項 (A) 的敘述正確，霍亂毒素確實為A-B毒素，並能透過活化腺苷酸環化酶增加cyclic AMP濃度，導致腹瀉。

選項 (B) 的敘述也正確，霍亂病人需先補充液體和電解質，然後再使用抗生素如azithromycin進行治療。

選項 (C) 的敘述不正確，無症狀的傷寒沙門氏桿菌帶原者如傷寒瑪莉，細菌主要藏匿於『膽囊』而非『肝臟』，這是此選項最不適當的原因。

選項 (D) 的敘述正確，空腸曲狀桿菌確實需要微需氧環境生長，並且感染後可能引起腸胃炎及Guillain-Barré syndrome。

因此，最不適當的敘述為選項 (C)。"
48,下列敘述何者最不適當？,吃漢堡及生菜沙拉後，出現出血性腹瀉症狀，且可能併發溶血性尿毒症(hemolytic uremic syndrome)的病原菌，最有可能是產志賀氏毒素大腸桿菌 STEC (Shiga toxin-producing E. coli),肝硬化病史的病人，因傷口接觸海水後感染，出現紅腫與水泡(bullae)，且引起組織壞死(tissue necrosis)甚至敗血症，最可能的病原是創傷弧菌(Vibrio vulnificus),蠟狀桿菌(Bacillus cereus) 普遍存在於環境土壤中，可能造成眼球感染，例如桿菌型全眼球炎(Bacillus panophthalmitis),志賀氏桿菌(Shigella)主要由帶菌的家禽或家畜直接傳染給人，且感染需要超過100000000的菌量,D,,消化系統之細菌感染 張仲羽,"📖 chatGPT 學長背景知識  
在臨床醫學中，了解病原菌的特性及其引起的疾病是診斷與治療的基礎。以下是對考古題中各選項的詳細解析。

(A) 吃漢堡及生菜沙拉後，出現出血性腹瀉症狀，且可能併發『溶血性尿毒症』(hemolytic uremic syndrome)的病原菌，最有可能是『產志賀氏毒素大腸桿菌』(STEC)  
- STEC 是一種常見的食源性病原菌，通常與未煮熟的牛肉或受污染的生菜有關。  
- 此菌可引起出血性腹瀉，並可能導致溶血性尿毒症，特別是在兒童中。  
- 此選項描述正確，符合病原菌的特性。

(B) 肝硬化病史的病人，因傷口接觸海水後感染，出現紅腫與水泡(bullae)，且引起『組織壞死』(tissue necrosis)甚至『敗血症』，最可能的病原是『創傷弧菌』(Vibrio vulnificus)  
- 創傷弧菌是一種與海水相關的病原菌，常見於肝硬化患者，因其免疫力低下而易感染。  
- 此菌可引起嚴重的皮膚感染，並可能導致敗血症。  
- 此選項描述正確，符合病原菌的特性。

(C) 蠟狀桿菌(Bacillus cereus)普遍存在於環境土壤中，可能造成『眼球感染』，例如『桿菌型全眼球炎』(Bacillus panophthalmitis)  
- 蠟狀桿菌確實存在於土壤中，並可引起食物中毒及眼部感染。  
- 雖然其引起眼球感染的案例相對少見，但仍有文獻報導。  
- 此選項描述雖然不常見，但並不完全錯誤。

(D) 志賀氏桿菌(Shigella)主要由帶菌的家禽或家畜直接傳染給人，且感染需要超過『100000000』的菌量  
- 志賀氏桿菌主要透過『糞口途徑』傳播，通常是通過受污染的水或食物，而非直接由家禽或家畜傳染。  
- 此外，志賀氏桿菌的感染所需的菌量相對較低，通常在數十至數百個細菌即可引起感染。  
- 此選項描述不正確，故為最不適當的選項。

總結：選項 (D) 為最不適當的敘述，因為其對志賀氏桿菌的傳播途徑及感染劑量的描述均不正確。"
49,關於艱難梭狀芽胞桿菌(Clostridium difficile)的敘述，下列何者最不適當？,疾病經常是因長期使用抗生素，造成腸道菌群改變所引起,偽膜性腸炎(pseudomembranous colitis)的致病菌,可用甲硝達唑(Metronidazole)或萬古黴素(Vancomycin)治療,糞便移植(fecal transplantation)通常不具療效,D,,消化系統之細菌感染(II) 張仲羽,"📖 chatGPT 學長背景知識  
艱難梭狀芽胞桿菌（Clostridium difficile）是一種常見的腸道病原菌，主要引起抗生素相關的腸道感染。其感染通常與腸道菌群的失衡有關，特別是在長期使用抗生素的患者中。以下是對題目的詳細解析：

1. **選項分析**  
   (A) 疾病經常是因長期使用『抗生素』，造成腸道『菌群』改變所引起  
   - 正確。艱難梭狀芽胞桿菌的感染通常發生在使用抗生素後，因抗生素會改變腸道的正常菌群，讓艱難梭狀芽胞桿菌有機會過度生長。

   (B) 偽膜性腸炎（pseudomembranous colitis）的致病菌  
   - 正確。艱難梭狀芽胞桿菌是偽膜性腸炎的主要致病菌，這種病症的特徵是腸道內形成假膜。

   (C) 可用『甲硝達唑』(Metronidazole)或『萬古黴素』(Vancomycin)治療  
   - 正確。這兩種藥物是治療艱難梭狀芽胞桿菌感染的標準療法，尤其是萬古黴素對於重症病例更為有效。

   (D) 糞便移植（fecal transplantation）通常不具療效  
   - 錯誤。糞便移植是治療艱難梭狀芽胞桿菌感染的一種有效方法，特別是在反覆感染的患者中，能夠恢復正常的腸道菌群。

2. **結論**  
根據上述分析，選項 (D) 是最不適當的敘述，因為糞便移植在臨床上已被證實對艱難梭狀芽胞桿菌感染具有療效。"
50,下列敘述何者最不適當？,產氣莢膜梭菌(Clostridium perfringens) 食物中毒多是由A型菌株分泌腸毒素(enterotoxin)所導致,產氣莢膜梭菌(Clostridium perfringens)引起壞死性腸炎(necrotizing enteritis)，最可能是由B型菌株分泌毒素所導致,鬆脆類桿菌(Bacteroides fragilis)可產生不耐熱(heat-labile)的鋅金屬蛋白酶(zinc metalloprotease)毒素造成腹瀉,鬆脆類桿菌(Bacteroides fragilis)具有多醣莢膜(polysaccharide capsule)，是主要的毒力因子(virulence factor),B,,消化系統之細菌感染(II) 張仲羽,"📖 chatGPT 學長背景知識  
在這道考古題中，我們需要針對四個選項進行分析，找出最不適當的敘述。題目涉及的細菌包括『產氣莢膜梭菌』和『鬆脆類桿菌』，這兩種細菌在臨床上具有重要的意義，尤其是在食物中毒和腸道感染方面。

核心觀念：  
- 產氣莢膜梭菌(Clostridium perfringens)  
  - (A) 主要由『A型菌株』分泌『腸毒素』導致食物中毒，這是正確的。  
  - (B) 『B型菌株』確實與『壞死性腸炎』相關，這也是正確的。  

- 鬆脆類桿菌(Bacteroides fragilis)  
  - (C) 產生『不耐熱的鋅金屬蛋白酶』毒素，這一點是錯誤的，因為B. fragilis的毒素主要是『耐熱的』。  
  - (D) 具有『多醣莢膜』，這是其主要的『毒力因子』，這是正確的。  

結論：  
選項 (C) 是最不適當的敘述，因為鬆脆類桿菌所產生的毒素並非不耐熱的鋅金屬蛋白酶，而是耐熱的。這使得選項 (C) 成為正確答案。"
51,下列何者說法是錯的？,呼吸道感染和病毒性胃腸炎是最常見的人類感染症,大多數急性傳染性胃腸炎是細菌性的。,病毒性胃腸炎的主要途徑是糞口傳播，而不是經呼吸道傳染。,病毒性胃腸炎的糞便，通常不存在肉眼可見的血液、黏液和白血球,B,,消化系統之病毒感染 張榮叁,"📖 chatGPT 學長背景知識  
本題主要探討『呼吸道感染』與『病毒性胃腸炎』的相關知識，特別是其病因、傳播途徑及臨床表現。以下是對各選項的詳細解析：

1. (A) 呼吸道感染和病毒性胃腸炎是最常見的人類感染症  
   - 正確。『呼吸道感染』和『病毒性胃腸炎』確實是最常見的人類感染症，尤其在兒童和老年人中更為普遍。

2. (B) 大多數急性傳染性胃腸炎是細菌性的。  
   - 錯誤。雖然細菌性胃腸炎存在，但『大多數急性傳染性胃腸炎』實際上是由『病毒』引起的，尤其是諾羅病毒和輪狀病毒。因此，這一選項的說法是錯誤的。

3. (C) 病毒性胃腸炎的主要途徑是糞口傳播，而不是經呼吸道傳染。  
   - 正確。『病毒性胃腸炎』主要透過『糞口傳播』進行，這意味著病毒通常通過受污染的食物或水進入人體，而非透過呼吸道。

4. (D) 病毒性胃腸炎的糞便，通常不存在肉眼可見的血液、黏液和白血球  
   - 正確。『病毒性胃腸炎』的糞便通常不會出現『肉眼可見的血液』或『黏液』，而且白血球的數量也通常較少，這與細菌性胃腸炎的情況不同。

結論：根據上述分析，選項(B)是錯誤的，因為大多數急性傳染性胃腸炎是由病毒引起的，而非細菌。"
52,"可透過其他途徑傳播病毒性胃腸炎的病毒，包括下列何者？1.輪狀病毒(Rotavirus), 2. 星狀病毒(Astrovirus), 3. 杯狀病毒(Calicivirus)","1, 2","1, 3","2, 3","1, 2, 3",B,,消化系統之病毒感染 張榮叁,"📖 chatGPT 學長背景知識  
本題涉及『病毒性胃腸炎』的病因及其傳播途徑，主要由多種病毒引起，常見的有『輪狀病毒』、『星狀病毒』和『杯狀病毒』。這些病毒的傳播途徑各有不同，了解其特性對於正確回答問題至關重要。

核心觀念：
- 『輪狀病毒』：主要透過『糞口途徑』傳播，常見於幼兒及嬰兒，導致急性腹瀉。
- 『星狀病毒』：同樣透過『糞口途徑』傳播，主要影響兒童，並可引起類似輪狀病毒的症狀。
- 『杯狀病毒』：也稱為『諾羅病毒』，是引起成人及兒童胃腸炎的主要病因之一，傳播途徑包括『糞口途徑』及『人際接觸』，可透過污染的食物或水源傳播。

解析選項：
- 選項 (A) 1, 2：僅包含輪狀病毒和星狀病毒，未涵蓋杯狀病毒的傳播途徑。
- 選項 (B) 1, 3：包含輪狀病毒和杯狀病毒，但未涵蓋星狀病毒。
- 選項 (C) 2, 3：僅包含星狀病毒和杯狀病毒，未涵蓋輪狀病毒。
- 選項 (D) 1, 2, 3：包含所有三種病毒，正確反映它們的傳播途徑。

結論：由於所有三種病毒都可以透過『糞口途徑』傳播，且杯狀病毒還可以透過其他途徑（如食物或水源）傳播，因此正確答案為 (D) 1, 2, 3。"
53,請問右圖切片取自何種器官？,Colon,Duodenum,Jejunum,"Stomach, fundus region",B,,消化系統組織學實驗(I) 張瀛双,"📖 chatGPT 學長背景知識  
本題考察的是對於消化系統器官切片的識別能力，特別是腸道及胃部的組織學特徵。

核心觀念：  
- **Colon（結腸）**  
  - 組織特徵：有『腺體』，但『絨毛』缺乏。  
  - 內壁有『黏膜』層，且腺體較為密集。  
  - 主要功能為『水分吸收』及『糞便形成』。

- **Duodenum（十二指腸）**  
  - 組織特徵：有『絨毛』及『腺體』，特別是『布魯納腺』。  
  - 內壁有『腸絨毛』，可見『腸腺』。  
  - 主要功能為『消化』及『吸收』。

- **Jejunum（空腸）**  
  - 組織特徵：有『絨毛』，且『絨毛』較長且密集。  
  - 內壁有『腸腺』，但『布魯納腺』缺乏。  
  - 主要功能為『吸收』營養。

- **Stomach, fundus region（胃，底部區域）**  
  - 組織特徵：有『胃腺』，且『腺體』較為豐富。  
  - 內壁有『皺摺』，且可見『主細胞』及『壁細胞』。  
  - 主要功能為『消化食物』及『分泌胃酸』。

解析：  
要判斷切片來源，需觀察組織特徵。若切片中可見『絨毛』，則可能是『十二指腸』或『空腸』；若切片中有『胃腺』且無『絨毛』，則可能是『胃』的切片；若切片中有『腺體』但無『絨毛』，則可能是『結腸』。根據這些特徵，選擇正確的答案。"
54,請問右圖切片取自何種器官？,Pancreas,Jejunum,Gallbladder,Liver,C,,消化系統組織學實驗(II) 林含貞、張瀛双,"📖 chatGPT 學長背景知識  
本題旨在考察對於不同器官組織切片的識別能力，特別是其組織學特徵。以下是對選項的分析：

1. **胰臟 (Pancreas)**  
   - 組織特徵：含有『胰島』和『外分泌腺』，可見『腺泡』結構。
   - 主要功能：分泌消化酶及內分泌激素（如胰島素）。

2. **空腸 (Jejunum)**  
   - 組織特徵：有『絨毛』和『腸腺』，腸道內壁呈現複雜的折疊結構。
   - 主要功能：進行食物的消化與吸收。

3. **膽囊 (Gallbladder)**  
   - 組織特徵：內壁有『皺摺』，且上皮細胞為『柱狀上皮』，無腺體。
   - 主要功能：儲存及濃縮膽汁。

4. **肝臟 (Liver)**  
   - 組織特徵：由『肝小葉』組成，含有『肝細胞』及『血窩』，可見『中央靜脈』。
   - 主要功能：代謝、解毒及合成蛋白質。

結論：根據上述組織特徵的比較，若切片中可見『肝小葉』結構及『中央靜脈』，則該切片取自肝臟。若切片中有『腺泡』，則為胰臟；若有『絨毛』，則為空腸；若有『皺摺』且無腺體，則為膽囊。

因此，根據切片的特徵，正確答案為 (D) Liver。"
55,請問右圖箭頭所指為何種細胞？,Parietal cells,Chief cells,Kupffer cells,Centroacinar cells,A,,消化系統組織學實驗(I) 張瀛双,"📖 chatGPT 學長背景知識  
本題涉及細胞的識別，特別是消化系統中的細胞類型。了解各種細胞的功能及其在組織中的位置對於正確回答問題至關重要。

核心觀念：
- 『Parietal cells』：位於胃的內壁，主要功能是分泌『鹽酸』和『內因子』，對於食物消化及維生素B12的吸收至關重要。
- 『Chief cells』：同樣位於胃，主要負責分泌『胃蛋白酶原』，這是一種消化酶的前體，能在酸性環境中轉化為活性形式。
- 『Kupffer cells』：肝臟中的巨噬細胞，主要功能是吞噬病原體和清除血液中的廢物，與肝臟的免疫功能密切相關。
- 『Centroacinar cells』：位於胰腺的腺泡內，主要參與分泌胰液，對於消化過程中的酶分泌有重要作用。

解析：
根據題目所提供的選項，首先需要確認圖中細胞的特徵。若圖中細胞位於胃部，則可能是『Parietal cells』或『Chief cells』；若位於肝臟，則為『Kupffer cells』；若在胰腺，則為『Centroacinar cells』。因此，正確答案取決於細胞的具體位置及其形態特徵。

結論：
若圖中細胞的特徵符合胃內壁細胞，則選擇『Parietal cells』或『Chief cells』；若為肝臟細胞，則選擇『Kupffer cells』；若為胰腺細胞，則選擇『Centroacinar cells』。根據細胞的具體位置和功能，選擇正確的答案。"
56,請問右圖切片取自何種器官？,Pancreas,Jejunum,Gallbladder,Liver,D,,消化系統組織學實驗(I) 張瀛双,"📖 chatGPT 學長背景知識  
本題考察的是對於組織切片的識別能力，特別是針對消化系統器官的結構特徵。了解各器官的組織學特徵對於臨床診斷及病理學研究至關重要。

核心觀念：  
- 『胰臟』(Pancreas)  
  - 組織特徵：含有『腺體』細胞，分泌『胰液』，有『胰島』結構，通常呈現不規則的腺體形狀。  
  - 主要功能：消化酶的分泌及血糖調節。  

- 『空腸』(Jejunum)  
  - 組織特徵：有『絨毛』及『微絨毛』，增加吸收面積，腸道壁較薄，內部有『腸腺』。  
  - 主要功能：營養物質的吸收。  

- 『膽囊』(Gallbladder)  
  - 組織特徵：內壁有『黏膜』皺摺，主要由『平滑肌』組成，無腺體結構。  
  - 主要功能：儲存及濃縮『膽汁』。  

- 『肝臟』(Liver)  
  - 組織特徵：由『肝小葉』組成，含有『肝細胞』及『血管』，有『膽管』系統。  
  - 主要功能：代謝、解毒及合成蛋白質。  

根據上述特徵，若切片中出現『腺體』結構、無明顯的『絨毛』或『膽管』，則可能為胰臟或肝臟。若有『絨毛』則為空腸，若有『平滑肌』及『黏膜』皺摺則為膽囊。  

結論：  
若切片中主要特徵為『腺體』結構且無『絨毛』，則最有可能是『胰臟』。若有『肝小葉』結構則為『肝臟』。根據選項，需根據具體切片特徵進行判斷。"
57,關於 H. pylori，下列何者為非：,世界衛生組織 WHO 將 H. pylori列為人類胃癌第一級致癌物是根據動物實驗直接證據。,目前唯一的自然宿主只有人類。,革蘭氏陰性螺旋狀細菌。,微需氧菌，可產生尿素酶。,A,,消化性潰瘍及幽門螺旋桿菌 吳政毅,"📖 chatGPT 學長背景知識  
H. pylori（幽門螺旋桿菌）是一種與多種胃部疾病相關的細菌，包括胃炎、胃潰瘍及胃癌。了解其特性及致病機制對於臨床診斷與治療至關重要。

核心觀念：
- H. pylori 是一種『革蘭氏陰性』的『螺旋狀細菌』。
- 它是一種『微需氧菌』，在低氧環境中生長良好。
- H. pylori 能夠產生『尿素酶』，這使其能夠在胃酸環境中生存。
- 世界衛生組織（WHO）將 H. pylori 列為『第一級致癌物』，這是基於多項流行病學研究的綜合證據，而非僅僅依賴動物實驗。

解析選項：
(A) 錯誤。WHO 將 H. pylori 列為第一級致癌物的依據是基於『流行病學研究』和『臨床證據』，而非僅僅是動物實驗的直接證據。

(B) 錯誤。雖然人類是 H. pylori 的主要宿主，但並非唯一宿主，某些動物也可能攜帶類似的細菌。

(C) 正確。H. pylori 確實是一種『革蘭氏陰性』的『螺旋狀細菌』。

(D) 正確。H. pylori 是『微需氧菌』，並且能夠產生『尿素酶』，這使其能夠中和胃酸，適應胃內環境。

結論：根據以上分析，選項 (A) 為非，因為其描述不正確。"
58,關於幽門螺旋桿菌的檢查，下列何者為非,對於治療幽門螺旋桿菌後的追蹤可以用糞便抗原檢測。,治療幽門螺旋桿菌後，如使用碳13尿素呼氣法追蹤治療效果，仍可持續使用氫離子阻斷劑。,碳13尿素呼氣法可用於監測治療成功與否,快速尿素酶試驗變成紅色代表陽性，乃因為酸鹼度變化。,B,,消化性潰瘍及幽門螺旋桿菌 吳政毅,"📖 chatGPT 學長背景知識  
幽門螺旋桿菌（Helicobacter pylori）是一種與多種胃部疾病相關的細菌，包括胃炎、胃潰瘍及胃癌。檢測及追蹤其治療效果的方法多樣，主要包括糞便抗原檢測、尿素呼氣法及內視鏡檢查等。

核心觀念：  
- 幽門螺旋桿菌檢測方法包括『糞便抗原檢測』、碳13尿素呼氣法及『快速尿素酶試驗』。  
- 治療後的追蹤檢查應在『抗生素』及『質子泵抑制劑』（PPI）停用後進行，以避免假陰性結果。  
- 碳13尿素呼氣法的準確性不受『氫離子阻斷劑』影響，但在使用PPI時需謹慎。  
- 快速尿素酶試驗的陽性結果是因為『酸鹼度變化』導致顏色變化。

解析選項：  
(A) 正確。糞便抗原檢測是治療後追蹤的有效方法，能夠檢測幽門螺旋桿菌的存在。  
(B) 錯誤。治療後使用碳13尿素呼氣法時，應停止使用氫離子阻斷劑，因為這些藥物會影響檢測結果，可能導致假陰性。  
(C) 正確。碳13尿素呼氣法是一種可靠的檢測方法，可以用來監測治療的成功與否。  
(D) 正確。快速尿素酶試驗變色是由於酸鹼度的變化，當幽門螺旋桿菌存在時，會產生尿素酶，分解尿素產生氨，導致環境變鹼而變色。

結論：  
正確答案為(B)，因為在使用碳13尿素呼氣法追蹤治療效果時，應避免使用氫離子阻斷劑，以確保檢測的準確性。"
59,交感神經系統對消化道平滑肌的作用是：,促進收縮,抑制收縮,沒有明顯影響,使反應變慢,B,,消化系統生理學實驗 鄭琮霖,"📖 chatGPT 學長背景知識  
交感神經系統是自律神經系統的一部分，主要負責在壓力或危急情況下的「戰鬥或逃跑」反應。其作用通常是抑制非必要的生理功能，包括消化系統的活動。

核心觀念：  
- 交感神經系統主要透過『去甲腎上腺素』和『腎上腺素』來調節生理反應。  
- 在消化道，交感神經的刺激會導致『平滑肌』的『抑制』。  
- 交感神經的作用與『副交感神經系統』相對，後者主要促進消化道的活動。  
- 交感神經的活化會使消化道的運動變得『緩慢』，以將能量集中於其他生理需求。  

解析選項：  
(A) 促進收縮：錯誤，交感神經系統不會促進消化道平滑肌的收縮。  
(B) 抑制收縮：正確，交感神經系統會抑制消化道平滑肌的活動。  
(C) 沒有明顯影響：錯誤，交感神經系統對消化道有明顯的抑制作用。  
(D) 使反應變慢：部分正確，但不如選項(B)直接，因為主要作用是抑制收縮。  

結論：交感神經系統對消化道平滑肌的作用是『抑制收縮』，因此正確答案為(B)。"
60,在離體消化道平滑肌實驗中，使用阿托品(Atropine)作為藥物阻斷劑，主要會影響哪種神經傳導物質的作用？,去甲腎上腺素(Norepinephrine),組織胺(Histamine),血清素(Serotonin),乙醯膽鹼(Acetylcholine),D,,消化系統生理學實驗 鄭琮霖,"📖 chatGPT 學長背景知識  
阿托品是一種抗膽鹼藥物，主要用於阻斷副交感神經系統的作用。它的機制是通過競爭性抑制『乙醯膽鹼』在膽鹼受體上的結合，從而減少平滑肌的收縮。

核心觀念：  
- 阿托品的主要作用是阻斷『乙醯膽鹼』的作用。  
- 『乙醯膽鹼』是副交感神經系統的主要神經傳導物質，負責調控平滑肌的收縮。  
- 在消化道中，『乙醯膽鹼』的釋放會促進平滑肌的收縮，增加腸道蠕動。  
- 阿托品通過抑制『乙醯膽鹼』的作用，會導致平滑肌放鬆，減少腸道運動。  

選項分析：  
(A) 去甲腎上腺素：主要作用於交感神經系統，與阿托品無關。  
(B) 組織胺：主要參與過敏反應及胃酸分泌，與阿托品無直接關聯。  
(C) 血清素：雖然在腸道功能中有影響，但不是阿托品的主要作用對象。  
(D) 乙醯膽鹼：正確答案，因為阿托品專門用於阻斷其作用。  

結論：  
在離體消化道平滑肌實驗中，使用阿托品作為藥物阻斷劑，主要會影響的神經傳導物質是『乙醯膽鹼』。因此，正確答案為(D)。"
61,關於胃癌的描述下列何者為非？(1)早期胃癌如果發現有區域淋巴轉移，依然可以優先考慮內視鏡切除。(2)Linitis plastica (皮革胃)通常治療預後極佳。(3)不管胃腫瘤位置在何處，位於左胃動脈的淋巴結都是屬於第二群(group2)的淋巴結。(4)Roux-en-Y 重建方式需要做兩個位置的吻合，而Billroth II 重建方式則需要做一個位置的吻合。,1 + 2,1 + 2 + 4,2 + 3,3 + 4,A,,胃腫瘤及消化性潰瘍之外科治療 張琮琨,"📖 chatGPT 學長背景知識

- 胃癌是全球常見的惡性腫瘤之一，早期診斷與治療對預後至關重要。
- 內視鏡切除是早期胃癌的一種治療選擇，但淋巴轉移的存在會影響治療策略。
- Linitis plastica 是一種特殊類型的胃癌，通常預後不佳。
- 胃癌的淋巴結轉移分群對於手術及治療計畫有重要影響。
- Roux-en-Y 和 Billroth II 是兩種不同的胃重建手術方式，各有其吻合位置的特點。

解析：

1. **選項 (1)**：早期胃癌如果發現有區域淋巴轉移，依然可以優先考慮內視鏡切除。
   - 這個描述是『錯誤』的。雖然早期胃癌通常可以考慮內視鏡切除，但如果已經有區域淋巴轉移，則通常不建議進行內視鏡切除，因為這會影響預後及治療效果。

2. **選項 (2)**：Linitis plastica (皮革胃)通常治療預後極佳。
   - 這個描述是『錯誤』的。Linitis plastica 是一種侵襲性強的胃癌，其預後通常不佳，因為腫瘤已經廣泛浸潤胃壁，難以完全切除。

3. **選項 (3)**：不管胃腫瘤位置在何處，位於左胃動脈的淋巴結都是屬於第二群(group 2)的淋巴結。
   - 這個描述是『正確』的。左胃動脈的淋巴結確實屬於第二群淋巴結，這對於手術計畫及淋巴結清掃有重要意義。

4. **選項 (4)**：Roux-en-Y 重建方式需要做兩個位置的吻合，而 Billroth II 重建方式則需要做一個位置的吻合。
   - 這個描述是『正確』的。Roux-en-Y 重建涉及到胃與小腸的兩個吻合，而 Billroth II 則只需要一個吻合。

綜合以上分析，正確答案為 (B) 1 + 2，因為選項 1 和 2 均為錯誤描述。"
62,關於消化性潰瘍手術的描述，下列何者為非？(1)所有消化性潰瘍穿孔皆須接受手術治療(2)接受選擇性迷走神經切斷手術(selective vagotomy)後，潰瘍依舊復發可能是因為沒有保留 criminal nerve of Grassi(3)胃引流手術(gastric drainage surgery)中，以胃幽門整形手術(pyloroplasty)的長期併發症較少。(4)輸入環症候群(Afferent loop syndrome)可以接受保守性治療，不需要積極手術處理。,1 + 2,1 + 2 + 4,2 + 3,3 + 4,B,,胃腫瘤及消化性潰瘍之外科治療 張琮琨,"📖 chatGPT 學長背景知識  
消化性潰瘍是指胃或十二指腸的黏膜因為胃酸及消化酶的侵蝕而形成的潰瘍。手術治療通常在潰瘍併發症（如穿孔、出血）或藥物治療無效時考慮。以下是對題目選項的詳細解析。

1. **選項分析**  
   (1) **所有消化性潰瘍穿孔皆須接受手術治療**  
   - 錯誤。雖然大多數穿孔需要手術，但某些小的穿孔在穩定的情況下可考慮保守治療。  
   
   (2) **接受選擇性迷走神經切斷手術後，潰瘍依舊復發可能是因為沒有保留 criminal nerve of Grassi**  
   - 正確。『criminal nerve of Grassi』是負責胃酸分泌的神經，若未保留，可能導致潰瘍復發。  
   
   (3) **胃引流手術中，以胃幽門整形手術的長期併發症較少**  
   - 錯誤。『胃幽門整形手術』的長期併發症包括胃排空不良等，並不一定較少。  
   
   (4) **輸入環症候群可以接受保守性治療，不需要積極手術處理**  
   - 正確。『輸入環症候群』可通過飲食調整及藥物治療來管理，並不一定需要手術。

2. **結論**  
   根據以上分析，選項 (1) 和 (3) 是錯誤的，因此正確答案為 (A) 1 + 2。選項 (2) 和 (4) 是正確的，故不應包含在非正確選項中。

3. **正確答案**  
   (A) 1 + 2"
63,下列之敘述何者正確？a. Type B 慢性胃炎大多與基因或自體免疫相關 b. 巴瑞特氏食道(Barrett's esophagus)是逆流性食道炎(GERD)之併發症，男性有較高風險 c. 幽門桿菌(H. pylori)可導致黏膜腺體萎縮與胃癌風險上升 d. 胃內 pH 值大於4以上之時間比例越久，逆流性食道炎(GERD)癒合比例越高,a + b + c,b + c + d,a + b + d,a + c + d,B,,胃食道逆流性疾病及胃炎 郭昭宏,"📖 chatGPT 學長背景知識

- 本題涉及『慢性胃炎』、『巴瑞特氏食道』、『幽門桿菌』及『逆流性食道炎』等相關醫學知識。
- 需針對每個選項進行分析，以確定正確的敘述。

解析：

a. 『Type B 慢性胃炎』大多與『幽門桿菌感染』相關，而非基因或自體免疫。Type A 慢性胃炎則與自體免疫有關。因此此選項為錯誤。

b. 『巴瑞特氏食道』是『逆流性食道炎』的併發症，且男性確實有較高的風險。這是因為男性在發展GERD及其併發症的機率上高於女性。因此此選項為正確。

c. 『幽門桿菌』感染可導致『黏膜腺體萎縮』，並且與『胃癌』風險上升有關。這是因為幽門桿菌會引起慢性胃炎，進而增加胃癌的風險。因此此選項為正確。

d. 胃內 pH 值大於4的時間比例越久，並不一定會提高『逆流性食道炎』的癒合比例。事實上，長時間的高酸性環境對食道的損傷更大，反而可能影響癒合。因此此選項為錯誤。

綜合以上分析：
- 正確的敘述為 b 和 c。

因此，正確答案為 (B) b + c + d。"
64,下列藥物有幾項會加重逆流性食道炎之發生？(a) Anticholinergics (b) Beta-adrenergic antagonists (c) Dihydropyridine calcium channel blockers (d) Benzodiazepines,1項,2項,3項,4項,C,,胃食道逆流性疾病及胃炎 郭昭宏,"📖 chatGPT 學長背景知識  
逆流性食道炎（GERD）是由於胃酸逆流至食道引起的病症，常見症狀包括胸痛、吞嚥困難及喉嚨不適。某些藥物可能會影響食道下括約肌的功能或胃酸的分泌，從而加重此病症。

核心觀念：  
- 『Anticholinergics』：這類藥物通過抑制副交感神經系統，減少胃腸道的蠕動，可能導致食物在胃內停留時間延長，增加胃酸分泌，從而加重逆流性食道炎的症狀。  
- 『Beta-adrenergic antagonists』：這類藥物可能會影響食道下括約肌的張力，導致括約肌功能下降，增加胃酸逆流的風險。  
- 『Dihydropyridine calcium channel blockers』：這類藥物可導致平滑肌放鬆，包括食道下括約肌，從而增加逆流的可能性。  
- 『Benzodiazepines』：這類藥物可能會影響中樞神經系統，導致食道運動功能減弱，增加逆流的風險。

綜合以上分析，所有四種藥物均可能加重逆流性食道炎的發生。因此，正確答案為 (D) 4項。"
65,潰瘍性大腸炎(Ulcerative colitis) 和克隆氏症(Crohn disease) 的鑑別診斷下列何者為錯？,Ulcerative colitis: superficial lesion; Crohn disease: transmural lesion,Ulcerative colitis: continuous lesion; Crohn disease: skip lesion,Ulcerative colitis: rare rectal sparing; Crohn disease: rectal sparing,Ulcerative colitis: backwash ileitis; Crohn disease: skip lesion of cecal patch,D,,發炎性腸病 盧建宇,"📖 chatGPT 學長背景知識  
潰瘍性大腸炎（Ulcerative colitis, UC）和克隆氏症（Crohn disease, CD）是兩種主要的炎症性腸病（Inflammatory Bowel Disease, IBD），其病理特徵、臨床表現及影響範圍各有不同。以下是對於題目中各選項的解析。

核心觀念：  
- UC：『表淺性病變』  
- CD：『全層病變』  
- UC：『連續性病變』  
- CD：『跳躍性病變』  
- UC：『罕見直腸保留』  
- CD：『直腸保留』  
- UC：『回流性迴腸炎』  
- CD：『盲腸跳躍病變』  

選項解析：  
(A) Ulcerative colitis: superficial lesion; Crohn disease: transmural lesion  
- 正確。UC主要影響大腸的『表淺性病變』，而CD則可影響腸道的『全層病變』。

(B) Ulcerative colitis: continuous lesion; Crohn disease: skip lesion  
- 正確。UC的病變通常是『連續性』的，而CD則常見『跳躍性』病變。

(C) Ulcerative colitis: rare rectal sparing; Crohn disease: rectal sparing  
- 錯誤。UC通常會影響直腸，『罕見直腸保留』，而CD則有可能『直腸保留』，即使在克隆氏症中，直腸不一定受到影響。

(D) Ulcerative colitis: backwash ileitis; Crohn disease: skip lesion of cecal patch  
- 正確。UC可引起『回流性迴腸炎』，而CD則可在盲腸區域出現『跳躍性病變』。

結論：  
根據上述解析，選項(C)是錯誤的，因為潰瘍性大腸炎通常不會保留直腸，而克隆氏症則可能會。"
66,"下列有關炎性腸病(Inflammatory bowel disease, IBD)的治療，何者為錯？",Anti-TNFa(tumor necrosis factor-a)是最早發展應用於IBD的生物製劑。,Anti-integrin 生物製劑比較少全身性副作用。,抗生素使用對於IBD的緩解不可或缺。,使用JAK(Janus kinase) inhibitor 生物製劑要特別注意 herpes zoster and thromboembolism 副作用。,C,,發炎性腸病 盧建宇,"📖 chatGPT 學長背景知識  
炎性腸病（Inflammatory bowel disease, IBD）主要包括克隆病（Crohn's disease）和潰瘍性結腸炎（Ulcerative colitis）。治療方法多樣，通常包括藥物治療、營養支持及手術等。以下是對於題目中各選項的詳細解析。

核心觀念：  
- IBD的治療目標為『緩解症狀』及『維持緩解』。  
- 生物製劑的使用已成為IBD治療的重要選擇。  
- 不同類型的生物製劑具有不同的作用機制及副作用。

選項解析：  
(A) 『Anti-TNFa』(腫瘤壞死因子-α)是最早發展應用於IBD的生物製劑。  
- 正確。Anti-TNFa生物製劑如Infliximab和Adalimumab是IBD治療的基石，能有效減少炎症及改善病情。

(B) 『Anti-integrin』生物製劑比較少全身性副作用。  
- 正確。Anti-integrin類藥物如Vedolizumab主要作用於腸道，較少引起全身性副作用，對於某些患者來說是一個良好的選擇。

(C) 抗生素使用對於IBD的緩解不可或缺。  
- 錯誤。雖然抗生素在某些情況下（如合併感染或膿腫）可能有幫助，但並非所有IBD患者都需要抗生素，且其在IBD的常規治療中並不是『不可或缺』的。

(D) 使用『JAK』(Janus kinase) inhibitor生物製劑要特別注意『herpes zoster』和『thromboembolism』副作用。  
- 正確。JAK抑制劑如Tofacitinib確實與這些副作用有關，因此在使用時需謹慎監測。

結論：  
根據以上分析，選項(C)為錯誤的陳述。抗生素並非IBD治療中不可或缺的部分，這使得它成為本題的正確答案。"