id,question,option_a,option_b,option_c,option_d,correct_answer,explanation,category
"1","Which of the following experimental methods would allow simultaneous observation of both migration and bone resorption activity in individual osteoclasts?","(A) MicroCT","(B) Bone resorption assay","(C) Two Photone Time-Lapse recoding","(D) Immunohistochemistry staining (IHC)","C","（Ｃ） 選 項 如 老 師 講 義 所 述 ， 可 以 觀 察 蝕 骨 細 胞 的 移 動 能 力 (migration) ， 在 時 間 的 移 進之 下 ， 綠 色 細 胞 就 是 蝕 骨 細 胞 ， 後 面 黑 色 的 路 徑 就 是 它 走 的 路 ， 同 時 因 為 它 的 移 動 能力 就 是 來 自 分 解 骨 質 的 活 動 度 (bone resorption activity) ， 故 為 正 確 選 項","骨科學研究 鄭琮霖"
"2","Which of the following statements about the role of macrophages in the muscle wound healing process is incorrect?","(A) In the early stage of healing, they strengthen the local defense around the wound to prevent infection.","(B) They clear dead cells and tissues near the wound to control inflammation.","(C) They produce angiogenic signals to enhance neovascularization near the wound.","(D) They continuously maintain wound inflammation during healing to promote cell proliferation.","D","(D) 選 項 錯 誤。 因 為 在 正 常 的 癒 合 過 程 中 ， macrophages 會 在 初 期 促 進 發 炎 ， 但 之 後需 「 resolve inflammation 」 來 進 入 修 復 階 段 ， 若 持 續 維 持 發 炎 反 而 會 導 致 chronic wound 。","肌肉骨骼免疫學 李英瑞"
"3","Regarding the correct sequence of the four major stages of wound healing: ① Proliferation phase ② Hemostasis phase ③ Maturation phase ④ Inflammation phase, which is correct?","(A) ①②③④","(B) ②①④③","(C) ②④①③","(D) ④②①③","C","","肌肉骨骼免疫學 李英瑞"
"4","Rheumatoid arthritis (RA) is a disease driven by multiple inflammatory factors (cytokines). In current clinical practice, what is the most commonly used therapeutic approach?","(A) Anti-IL-17 therapy, drugs such as Secukinumab","(B) Anti-TNF- α therapy, drugs such as Certolizumab","(C) Anti-IL-1 β therapy, drugs such as Anakinra","(D) Anti-IFN- β therapy, drugs such as Anifrolumab","B","較 常 用 且 有 效 治 療 RA 的 生 物 製 劑 是 TNF-alpha blocker （老 師 上 課 有 說 不 是 IL-1 receptor antagonist 因 為 臨 床 是 治 療 效 果 不 佳）","肌肉骨骼免疫學 李英瑞"
"5","Which of the following is right","(A) Osteoprotegrin (OPG) can inhibit proliferation of osteoclast and induce the apoptosis of osteoclast","(B) Bisphosphonates may lead to the side effect of leg cramps","(C) Selective estrogen receptor modulator can reduce hip fracture rate","(D) Bisphosphonates increase the risk of throboembolism","A","(A) 正 確 (B) SERM and Teriparatide lead to the side effect of leg cramps (C) Denosumab can reduce hip fracture rate (D) SERM increase the risk of thromboembolism (venous)","骨質疏鬆藥物之藥物學 陳崇桓"
"6","Which of the following is right","(A) It takes more than one year to achieve the effect of fracture reduction by anti-osteoporotic medication","(B) Anti-sclerostin antibody can activate T cell lead to acute phase reaction","(C) Selective estrogen receptor modulator can have drug holiday","(D) Teriparatide cannot be use in those who have myocardial infarction or stroke","A","(A) (B) 急 性 期 反 應 ( 急 性 期 反 應 ) 是 靜 脈 注 射 型 雙 磷 酸 鹽 的 已 知 常 見 副 作 用 抗 硬 化 素 抗 體 (Romosozumab) 的 禁 忌 症 是 與 心 血 管 風 險 相 關 （一 年 內 曾 發 生 心 肌 梗塞 或 中 風） ， 並 未 提 及 它 會 透 過 活 化 T 細 胞 導 致 急 性 期 反 應 。 (C)SERM 、 雌 激 素 和 RANKL 抗 體 在 完 全 停 止 治 療 後 ， 都 會 有 骨 量 快 速 流 失 的 情 形 ( 骨 量 也 會 有 快 速 流 失 的 情 形 ) 。 藥 物 假 期 (drug holiday) 僅 被 提 及 適 用 於 雙 磷 酸 鹽 藥物 。 (D) 「一 年 內 曾 發 生 心 肌 梗 塞 或 中 風」 的 禁 忌 症 適 用 於 抗 硬 化 素 抗 體 (Romosozumab) 。","骨質疏鬆藥物之藥物學 陳崇桓"
"7","Which of the following is right","(A) Teriparatide cannot be use in those who have poor renal function","(B) Prolong anti-sclerostin antibody will lead to the risk of osteosarcoma","(C) Oral bisphosphonates is absorbed well with a absorption rate about 90%","(D) Denosumab can efficiently reduce hip fracture","D","(A)Bisphosphonate (CrCl<30ml/min) (B)Teriparatide (C)<1%","骨質疏鬆藥物之藥物學 陳崇桓"
"8","What is the “Elbow terrible triad”? Which of the following are included?","(A)Radial head fracture","(B) Coronoid fracture","(C)Elbow dislocation","(D) All of the above","D","","肩肘關節之骨科功能解剖學/骨科鑑別診斷 盧政昌"
"9","Shohei Ohtani experiences right shoulder pain after pitching. Which of the following is NOT correct?","(A) A SLAP lesion (Superior Labrum Anterior to Posterior) is a possible cause in this case.","(B)Injury to the biceps tendon does not need to be considered.","(C) In such cases, a rotator cuff injury should also be considered.","(D) An MRI can be performed to evaluate possible soft tissue injuries.","B","(A) 一 些 上 舉 的 動 作 如 投 球、 排 球、 大 動 作 拉 扯、 甩 出、 舉 手 過 肩 的 運 動 ， 附 著 在 關 節 唇 上 的 二 頭 肌 長 頭 肌 腱 會 不 斷 拉 扯 周 圍 組 織 ， 產 生 關 節 唇 的 損 傷。 Biceps long tendon 穿 進 關 節 囊 後 會 附 著 在 labrum 之 上 緣 ， 正 常 穩 定 時 是 一 個 很 好 的 固 定 點 ， 能 讓 投 手 投 出 快 速 球。 但 當 關 節 唇 損 傷 不 穩 定 時 ， 投 球 的 動 作 會 產 生 很 大 往 前 甩 動 的 力 量 ， 造 成 labrum 從 glenoid 上 鬆 弛 ， 使 得 動 作 不 穩 定 ， 也 會 產 生 疼 痛。 (B) (C) 旋 轉 肌 是 走 在 acromion 和 humerus 之 間 ， 中 間 的 bursa 是 在 骨 頭 其 他 軟 組 織 之間 的 緩 衝 組 織 ， 像 是 墊 片 ， 所 以 旋 轉 肌 斷 掉 的 症 狀 是 疼 痛、 活 動 受 限 ， 手 舉 不 起 來 或舉 起 來 沒 有 力 氣。 (D)MRI ： 針 對 軟 組 織 損 傷 的 檢 查 ， 例 如 ： 旋 轉 肌 損 傷","肩肘關節之骨科功能解剖學/骨科鑑別診斷 盧政昌"
"10","Dr. Lu, an orthopedic surgeon, experiences shoulder pain after performing arthroscopic surgery. What factors should be considered when performing a differential diagnosis of shoulder pain? a. X-ray examination b. Income c. Shoulder physical exam d. Age e. Occupation f. Shoulder anatomy g. History of injury","(A) a 、 c 、 d 、 e 、 f 、 g","(B) a 、 b 、 c 、 d 、 e 、 f","(C) a 、 c 、 d","(D) a 、 b 、 c 、 e 、 f","A","不 用 問 薪 水 💰 底 下 是 老 師 DD 的 thinking pathway 可 以 參 考 問 了 什 麼 考 量 了 什 麼 職 業 也 很 重 要 可 以 判 斷 可 能 造 成 受 傷 的 原 因","肩肘關節之骨科功能解剖學/骨科鑑別診斷 盧政昌"
"11","About ankle and foot, which one is correct?","(A) The peroneal longus tendon attaches to 5th metatarsal base and everts the foot","(B) The cause of Muller Weiss disease is osteonecrosis of navicular bone. The one character of this disease is comma-shape deformity of navicular bone.","(C) The talus is the keystone of transverse arch of foot.","(D) In the syndesmosis, the tibia is concave and fibular is convex here. The anterior talofibular ligament and posterior talofibular ligament are part of the syndesmosis ligaments.","B","A) B) C) D) 是 Anterior inferior tibiofibular ligament 才 對。","足踝關節之骨科功能解剖學 陳姝蓉"
"12","About the four compartments of leg, which one is wrong?","(A) The posterior tibialis muscle belongs to deep posterior compartment, and is related to adult-acquired flatfoot deformity","(B) The major movement of muscles in anterior compartment is ankle dorsiflexion.","(C) There are deep peroneal nerve, peroneal longus and brevis in the lateral compartment. The major movement of these muscles is foot eversion.","(D) The plantaris is in superficial posterior compartment and it is a weak ankle plantarflexor.","C","此 表 格 必 考 (C)superficial peroneal nerve","足踝關節之骨科功能解剖學 陳姝蓉"
"13","Which one is wrong?","(A) Near 50% of blood supply to talus is from posterior tibial artery, which is in the deep posterior compartment.","(B) The common complication of displaced talar neck fracture is osteonecrosis of talus,","(C) The anterior talofibular ligament is most easily injured ligament when patients suffer from ankle sprain, and anterior drawer test is often positive while performing physical examination. Repeated ankle sprains may lead to lateral instability of ankle joint.","(D) The negative Thompson test means Achilles tendon rupture. Under this condition, patient totally can’t walk therefore.","D","Thompson test (+) 才 是 Achilles tendon rupture.","足踝關節之骨科功能解剖學 陳姝蓉"
"14","Observe the histological features. What is the correct combination of tissue species and section orientation in the figure?","(A) cross sectioned cardiac muscle","(B) longitudinal sectioned smooth muscle","(C) cross sectioned smooth muscle","(D) cross sectioned skeletal muscle","D","","組織學-肌腱、韌帶、肌肉 陳永佳"
"15","What is the structure indicated by the black arrow?","(A) epimysium","(B) perimysium","(C) endomysium","(D) adipocyte","C","此 題 有 申 覆 說 圖 並 沒 有 附 倍 率 或 者 個 原 始 為 縮 放 的 圖 ， 因 此 無 法 判 斷 粉 紅 色 的 區 域是 fasicle( 被 perimysium 包 圍 ) 還 是 muscle fiber( 被 endomysium 包 圍 ) ， 建 議 (B)(C) 都 給分。 老 師 回 覆 ： 如 果 是 更 小 倍 率 的 fascicle 裡 面 含 有 很 多 muscle fiber ， 則 粉 紅 色 內 部 會 有其 他 細 胞 核 存 在 ， 而 不 會 像 題 目 附 圖 上 這 樣 所 有 細 胞 核 都 在 邊 上 ， 維 持 原 答 案 (C) 。 (B) perimysium( 老 師 附 的 圖 ) ─ 粉 紅 色 內 部 & 邊 緣 都 有 細 胞 核 (C) endomysium ─ 只 有 邊 緣 有 細 胞 核","組織學-肌腱、韌帶、肌肉 陳永佳, 肌肉骨骼系統病理學 賴薇安"
"16","A 20-year-old man with known history of multiple hereditary exostosis syndrome presented with increasing pain in the knee. The patient received surgical removal for the tumor. The tumor had a cartilage cap over 2 cm in thickness. Microscopically, the tumor is partially covered by a layer of perichondrium. However, increased cellularity of the cartilagenous component with nuclear atypia is noted. Which of the following descriptions about this tumor is correct?","(A) This tumor-associated syndrome is inherited in an autosomal recessive manner.","(B) It is associated with loss of function of FGF1 or FGF2 gene.","(C) The tumor tends to arise from epiphysis of long bone.","(D) The tumor may have undergone malignant transformation to chondrosarcoma.","D","Osteochondroma 是 最 常 見 的 良 性 骨 腫 瘤 ， 好 發 於 四 肢 骨 的 metaphysis ， 特 別 容 易 發生 在 膝 蓋 附 近 ， 但 是 cap of cartilage 厚 度 通 常 為 1cm ， 超 過 則 很 可 能 發 展 成 chondrosarcoma 。 Osteochondroma 的 透 明 軟 骨 層 最 外 圍 會 被 軟 骨 膜 包 覆 ， 細 胞 密 度低 （ no increase in cellularity ） ， 而 良 性 的 osteochondroma 可 以 分 化 成 惡 性 的 chondrosarcoma ， 特 徵 是 軟 骨 層 厚 度 > 1cm 。 Osteochondroma: Chondrosarcoma:","肌肉骨骼系統病理學 賴薇安"
"17","A 48 year-old man presented with chronic pain and swelling of the right 1st meta-tarsophalangeal joint not responding to medical treatment. Surgery is performed to relieve his symptom. Which of the following description is incorrect? (Left: H&E, light microscopy; Right: polarized ligh microscopy)","(A) The H&E slide shows tophi composed of pale-staining amorphous material rimmed by histiocytes.","(B) Needle-shaped crystals are seen through polarized light.","(C) The microscopic findings suggest calcium pyrophosphate crystal deposition disease.","(D) Hyperuricemia plays a role in pathogenesis of the disease.","C","1st MTP, 顯 微 鏡 下 淡 染、 沒 有 特 殊 形 狀、 偏 光 鏡 下 看 到 針 狀 結 晶 ， 可 判 斷 為 痛 風 痛 風 成 分 是 Sodium urate monohydrate 單 鈉 鹽 尿 酸 結 晶 故 選 C","肌肉骨骼系統病理學 賴薇安"
"18","Regarding rhabdomyosarcoma, which of the following statements is less accurate?","(A) The tumor commonly occurs in the head and neck, limbs, and genitourinary system.","(B) Based on its morphology, it can be further classified into embryonal rhabdomyosarcoma, alveolar rhabdomyosarcoma, pleomorphic rhabdomyosarcoma, and spindle cell/sclerotic rhabdomyosarcoma.","(C) Rhabdomyosarcoma may grow near mucosal structures (such as the bladder or vagina) and protrude outward in a grape-like fashion, known as sarcoma botryoides.","(D) Pathologically, the diagnosis of rhabdomyosarcoma can only be made by detecting PAX3-FOXO1 and PAX7-FOXO1 gene variations.","D","(A) 正 確 ， 如 下 圖 embryonal type (B)(C) 正 確 ， 如 下 圖 的 sarcoma botryoides 和 subtypes 介 紹 (D) 錯 誤 ， PAX3-FOXO1 和 PAX7-FOXO1 gene variations 僅 適 用 於 alveolar type ， 其 他type 則 無 此 表 現","肌肉骨骼系統病理學 賴薇安"
"19","Which of the following statements about the structure of spine is CORRECT?","(A) The facet joint is composed of superior and inferior facet, and all superior facets face medially, and the inferior facets face laterally.","(B) If you want to check the neural foramen of the cervical spine, you can use the lateral view and oblique view of the cervical spine x-ray.","(C) Vertebral body spans from the anterior column to the posterior column of spine.","(D) In AP view of thoracic spine x-ray, the tracheal bifurcation can be used to estimate the position of T7.","送分","(A) 不 是 所 有 的 facets 都 面 對 一 樣 的 方 向 (B) Cervical spine x-ray Oblique view 可 以 看 到 神 經 孔 ( 如 下 圖 ) 針 對 Lateral view ， 有 同 學 提 出 申 覆 : 「老 師 上 課 時 有 提 醒 , 要 評 估 頸 椎 的 神 經 孔 ， 應 使用 頸 椎 斜 位 X 光 ; 如 需 更 細 部 的 神 經 根 或 軟 組 織 信 息 ， 則 以 CT 或 MRI 為 首 選。 此 題 目 (B)lat.view 檢 查 神 經 孔 的 敘 述 並 不 準 確 ， 請 老 師 斟 酌 給 分 ， 謝 謝 老 師。」 老 師 回 覆 「如 同 學 所 述 ， 若 要 更 細 部 的 檢 查 可 利 用 CT 或 MRI ， 並 不 代 表 cervical spine lateral view 無 法 檢 查 神 經 孔。」 (C) 如 下 圖 ， Vertebral body 的 前 ⅔ 在 Anterior column ， 後 ⅓ 在 middle column ， 並 沒 有跨 到 posterior column 。 (D) 下 左 圖 可 以 看 到 thoracic spine x ray AP view ， 藍 框 框 起 來 的 地 方 為 Tracheal Bifurcation ， 大 約 在 T4 位 置 ， 如 果 往 下 算 ， 確 實 可 以 estimate 出 T7 的 位 置。 有 同 學 提 出 申 覆 : 「已 知 tracheal bifurcation 為 T4-T5 之 高 度 ， 則 可 依 此 推 算 鄰 近 之 T7位 置 ， 因 選 項 用 字 ""estimate"",(from Oxford dictionary: ""to form an idea of the cost, size, value, etc. of something, but without calculating it exactly"") 認 為 語 意 上 並 不 是詢 問 ""exactly"" ， 故 希 望 老 師 開 放 D 選 項 ， 謝 謝 老 師。」 老 師 回 覆 同 意 D 也 給 分 : 「 B, D 皆 同 意 給 分」","脊椎之骨科功能解剖學 高志銘, 肌肉骨骼影像解剖學(3)-脊椎 高志銘"
"20","Which statement about lumbar spine x-rays is INCORRECT?","(A) In an oblique view, a Scotty Dog's tail fracture can be seen in the patient with a fracture of the transverse process of spine.","(B) The structure pointed by the arrow in the X-ray below is the facet joint of lumbar spine.","(C) The structure pointed by the arrows in these two X-ray pictures above is the pedicle of the lumbar spine.","(D) Oblique view is often used to detect pars fractures, and the pars interarticularis is located in the neck of the Scotty Dog in x-ray.","A","(A) Scotty Dog’s tail = superior articular process of opposite side","肌肉骨骼影像解剖學(3)-脊椎 高志銘"
"21","Which of the following statements about the radiologic anatomy of spine is INCORRECT?","(A) The structure pointed by the arrow in the T2-weighted image of MRI below is the spinal cord.","(B) In the T2-weighted image of MRI, the intervertebral disc and fat tissue both appear as a relative high signal intensity","(C) Atlantodens interval (ADI) in cervical spine x-ray lateral view can be used to detect the dislocation between C1 and C2.","(D) The normal thickness of the pre-vertebral soft tissue in the lateral view of cervical spine x-ray should be less than 22mm at C6 level","A","（ A ） 箭 頭 所 指 為 cauda equina （ B ） （ C ） （ D ）","肌肉骨骼影像解剖學(3)-脊椎 高志銘"
"22","Which of the following statements about the structure of spine is NOT true?","(A)Dens is part of the Atlantoaxial joint, which is responsible for cervical rotation.","(B)Pain-sensitive nerve endings supply the joint capsule, which is the main source of pain in osteoarthritis.","(C)Nutrients of the intervertebral disc are mainly obtained by passive diffusion from the end plate.","(D)The ligamentum flavum is located in the posterior column of the spine and the main function is to limit motion of spine during flexion.","D","(A) (B) (C) (D)","脊椎之骨科功能解剖學 高志銘"
"23","Which part of spine does NOT belong to the posterior ligamentous complex?","(A) ligamentum flavum","(B) interspinous ligament","(C) posterior longitudinal ligament","(D) facet joint capsule","C","Post. ligamentous complex includes ligamentum flavum, interspinous lig., facet capsule, and supraspinous lig.","肌肉骨骼影像解剖學(3)-脊椎 高志銘"
"24","Which of the following statements about the structure of spine is CORRECT?","(A) The spinal process of C7 is on the center of gravity of the spinal column in normal adult.","(B) The articular surface of the facet joint is covered with fibrocartilage, and like other joint, there is synovial fluid presented in facet joints.","(C) Nucleus pulposus has large proportion of proteoglycan and collagen, and the main function is to resist axial loads.","(D) All cervical vertebrae have vertebral body located at the front of the spine.","C","","脊椎之骨科功能解剖學 高志銘"
"25","In skeletal muscle, what components form a triad?","(A) One T-tubule and one terminal cisterna of sarcoplasmic reticulum","(B) One T-tubule and two thick filaments","(C) Two terminal cisternae of sarcoplasmic reticulum flanking one T-tubule","(D) Two caveolae and one smooth endoplasmic reticulum","C","The complex of the T tubule and the two adjacent terminal cisternae is called a “Triad.”","組織學-肌腱、韌帶、肌肉 陳永佳"
"26","Which of the following statements about different muscle types is FALSE?","(A) smooth muscle fibers have regeneration ability","(B) skeletal muscle cells can communicate via gap junctions","(C) skeletal muscle contraction is initiated by calcium binding to troponin C","(D) cardiac muscle fibers are striated and involuntary","B","這 題 是 將 BM112 題 目 稍 作 調 整 同 時 老 師 上 課 有 特 別 提 示 三 種 肌 肉 比 較 的 表 格 需 要 做 記 憶","組織學-肌腱、韌帶、肌肉 陳永佳"
"27","Which of the following statements concerning smooth muscle is TRUE?","(A) The fibers have dense bodies and well-developed smooth ER","(B) Smooth muscle fibers contain sarcomeres arranged like skeletal muscle","(C) Nuclei are located at the periphery of the cell","(D) Thick filaments are bipolar and cross-striated","A","下 表 請 熟 記 (A) 只 有 平 滑 肌 有 Dense body 這 項 Special feature (B) 骨 骼 肌 心 肌 才 有 Sacromere (C) 平 滑 肌 細 胞 的 核 在 Central (D) 平 滑 肌 的 粗 肌 絲 排 列 為 Side-polar 沒 有 Striated","組織學-肌腱、韌帶、肌肉 陳永佳"
"28","Which type of skeletal muscle fibers have the largest diameter and fatigue most easily?","(A) Slow oxidative fibers","(B) Fast oxidative fibers","(C) Intermediate fibers","(D) Fast glycolytic (anaerobic) fibers","D","螢 光 筆 處","組織學-肌腱、韌帶、肌肉 陳永佳"
"29","According to the sliding filament theory, which event occurs first during cross-bridge cycling in skeletal muscle contraction?","(A) Hydrolysis of ATP re-cocks the myosin head to its high-energy state","(B) Myosin head pivots, pulling the actin filament toward the center of the sarcomere (power stroke)","(C) ATP binds to the myosin head, causing detachment from actin","(D) Myosin head binds to the exposed active site on actin after tropomyosin moves away","D","(A) 3. Bending (B) 4. Force generation (C) 2. Release (D) 1. Attachment","組織學-肌腱、韌帶、肌肉 陳永佳"
"30","In a skeletal muscle fiber at maximal relaxation, which of the following is TRUE about the sarcomere structure?","(A) Z lines are no longer visible under the microscope","(B) The A band becomes longer than in contraction","(C) The H zone and I band are at their widest extent","(D) Thick and thin filaments completely overlap","C","(A) Z line 不 論 收 縮、 放 鬆 皆 可 見 (B) A band 不 論 收 縮、 放 鬆 皆 等 長 (C) 正 確 (D) 放 鬆 時 並 不 重 疊","組織學-肌腱、韌帶、肌肉 陳永佳"
"31","Which of the following statements about cranium development is incorrect?","(A)Most parts originate from the neural crest","(B)Parts of the neurocranium are formed by the fusion of multiple cartilages","(C)The neurocranium is the main protective structure for the brain","(D)The third and fourth pharyngeal arches contribute to the formation of the cartilaginous viscerocranium","D","(A) 正 確。 軟 骨 條 的 胚 層 來 源 notochord 為 界 ， notochord 以 上 ( 頭 ) 由 neural crest 發 育 ，以 下 來 自 paraxial mesoderm 。 (B) 是 ， 以 蝶 骨 為 例 ： hypophyseal cartilage 形 成 body ， optic capsule 則 形 成 wings (C)neurocranium 保 護 腦 ， viscerocranium 形 成 臉、 鼻 腔、 口 腔 (D)cartilaginous viscerocranium 主 要 發 育 自 第 一、 二 對 咽 弓","肌肉骨骼胚胎學 施耀翔"
"32","Which of the following is derived from endochondral ossification?","(A)Frontal bone","(B)Mandibular bone","(C) Clavicle","(D) Skull base","送分","如 圖 所 示 ， 經 由 軟 骨 內 骨 化 發 育 而 來 的 有 顱 底、 脊 椎、 骨 盆 及 長 骨 ， 但 鎖 骨 也 有 部 分（兩 端） 是 經 由 軟 骨 內 骨 化 而 來 ， 故 經 申 覆 後 也 為 正 確 答 案。 申 覆 ： 如 同 學 所 言 , 在 胚 胎 發 育 的 講 義 內 第 14 頁 的 確 提 到 鎖 骨 屬 於 軟 骨 內 骨 化 , 但 同 時 也 有 下 列 這 句 話 : Initially intramembranous ossification, then forms cartilages at both ends 意 思 是 說 鎖 骨 是 膜 內 骨 化 先 開 始 , 爾 後 才 有 兩 端 的 軟 骨 內 骨 化 進 行。 所 以 在 同 份 講 義 的 12 頁 開 始 就 有 將 其 定 義 為 膜 內 骨 化 , 因 為 其 初 級 骨 化 中 心 是 膜 內 骨 化。 但 由 於 英 文 題 幹 命 名 不 精 確 , derived from 詞 的 確 不 具 有 時 間 性 , 因 此 答 案 CD 都 給 分。 但 注 意 的 是 第 三 位 同 學 的 申 覆 內 容 有 誤 : ""Clavicle 發 育 時 開 始 先 進 行 膜 內 骨 化 , 之 後 在 兩 端 形 成 軟 骨 內 骨 化。 因 此 本 題 要 選 出 哪 個 構 造 是 源 自 於 軟 骨 內 骨 化 , 答 案 應 該 選 (C)Clavicle"" 如 同 學 所 言 , 鎖 骨 既 有 膜 內 骨 化 , 次 級 骨 化 中 心 又 是 軟 骨 內 骨 化。 因 此 如 果 要 選 純 然 的 軟 骨 內 骨 化 , 則 應 該 是 選 擇 答 案 (D)Skull base ( 顱 底 ) 較 無 爭 議","肌肉骨骼胚胎學 施耀翔"
"33","The greater cornu of the hyoid bone develops from which pharyngeal arch?","(A) First pharyngeal arch","(B) Second pharyngeal arch","(C) Third pharyngeal arch","(D) Fourth pharyngeal arch","C","如 下 圖 所 示 ， 舌 骨 大 角 由 第 三 咽 弓 發 育 而 來。","肌肉骨骼胚胎學 施耀翔"
"34","From a microscopic perspective of bone structure, which of the following contains Haversian canals?","(A) Woven bone","(B) Cancellous bone","(C) Soft callus","(D) Laminar bone","D","Haversian system 只 在 成 熟 的 Laminar bone 中 可 見 ， Spongy/Trabecular/Cancellous bone 也 是 成 熟 骨 ， 但 是 並 沒 有 Haversian system 。","骨骼組織學 施耀翔"
"35","In the process of endochondral ossification of long bones, where is the secondary ossification center located?","(A) Diaphysis","(B) Epiphysis","(C) Metaphysis","(D) Endosteum","B","","骨骼組織學 施耀翔"
"36","Osteoclasts are most commonly found in which region?","(A) Zone of cell proliferation in the epiphyseal plate","(B) Zone of hypertrophy and calcification in the epiphyseal plate","(C) Zone of reserve cartilage in the epiphyseal plate","(D) Osteogenic zone in the epiphyseal plate","D","此 題 為 國 考 題。 在 osteogenic zone ， 小 血 管 與骨 前 驅 細 胞會 侵 入 已 被 鈣 化 的 軟 骨 基 質。 Osteoclasts 會 負 責 移 除 鈣 化 軟 骨 與 初 生 骨 組 織 ， 為 新 的 骨 形 成 鋪 路。","骨骼組織學 施耀翔"
"37","Which of the following involves the participation of cartilage?","(A) Intramembranous ossification","(B) Development of osteons","(C) Direct bone healing","(D) Indirect bone healing","D","這 題 是 國 考 題 (A) Intramembranous ossification 和 cartilage 無 關 ， Endochondral ossification 才 有 (B) (C) 也 和 cartilage 無 關 (D) 形 成 soft callus 時 就 是 fibrocartilage","骨骼組織學 施耀翔"
"38","Which type of collagen fiber is most abundant in the extracellular matrix of hard bone tissue?","(A) Type I","(B) Type II","(C) Type III","(D) Type IV","A","","骨骼組織學 施耀翔"
"39","Where is the primary ossification center located during endochondral ossification of a long bone?","(A) Diaphysis","(B) Epiphysis","(C) Metaphysis","(D) Endosteum","A","依 照 Endochondral ossification 圖 示 所 示 ， primary ossification center 位 於 diaphysis","骨骼組織學 施耀翔"
"40","About spondylolisthesis , which one is wrong for the cause of its type ?","(A)Fracture of the neural arch in the pars articularis <-> traumatic","(B)Excessive removal of bone following spinal decompression <-> iatrogenic","(C)Weakening of the neural arch due to disorders of the bone <-> pathological","(D)Degenerative changes in the facet joints <-> degenerative","A","A 應 修 正 ： Fracture of the neural arch “other than” the pars articularis <-> traumatic","脊椎創傷及重建 卓進益"
"41","Which one below is wrong?","(A)Angulation greater than 20 degrees and translation of 3.5 mm or more is unstable","(B)wedge fracture with rupture of the interspinous ligaments is unstable, because the anterior and the posterior column are disrupted","(C)A burst fracture is unstable, because at least the anterior and middle column are disrupted","(D)simple anterior wedge fracture or just sprain of the posterior ligaments is also an unstable injury","D","","脊椎創傷及重建 卓進益"
"42","Which one below is right?","(A)For upper thorasic spine ( T1-T8): Axial loading will result in compressive forces anteriorly and tensile forces posteriorly","(B)for burst fracture: if there is no neurological symptoms with relative stable spine column, conservative non-surgical care is not suitable.","(C)A chance fracture is a three column injury with a vertical orientation of the fracture","(D)Osteomyelitis, discitis, or active systemic infection are suitable for cementoplasty","A","(B)for burst fracture: if there is no neurological symptoms with relative stable spine column, conservative non-surgical care is not suitable. (C)A chance fracture is a three column injury with a vertical horizontal orientation of the fracture (D)Osteomyelitis, discitis, or active systemic infection are not suitable for cementoplasty","脊椎創傷及重建 卓進益"
"43","Which of the following statements is correct?","(A) Pelvic lateral compression injury causes external rotation of the ipsilateral hemipelvis.","(B) Reverse oblique type intertrochanteric fracture is considered stable.","(C) Dislocation of the hip joint or femoral neck fracture can disrupt the blood supply and lead to femoral head osteonecrosis.","(D) The femoral head crescent sign indicates an irregular femoral contour.","C","(A) Lateral compression 會 造 成 internal rotation of the ipsilateral hemipelvis 才 對 (B) Reverse oblique type 的 intertrochanteric fracture 是 unstable (C) 發 生 femoral neck fracture 或 hip dislocation 會 容 易 導 致 med. circumflex a. 受 損造 成 股 骨 頭 壞 死 (D) 看 得 到 Crescent sign 代 表 股 骨 頭 的 輪 廓 還 是 圓 的 沒 塌 掉","肌肉骨骼影像解剖學(2)-下肢 許家豪"
"44","Which of the following statements is incorrect?","(A) Patella alta most commonly results from patellar tendon rupture.","(B) Tibial plateau fracture Schatzker Type II is a lateral plateau split-depression fracture.","(C) The blood supply of the femoral head mainly comes from the artery of the ligamentum teres.","(D) Hoffa fracture is a coronal plane fracture of the femoral condyle, often overlooked on imaging and typically requiring surgical fixation.","C","Femoral head 的 血 液 供 應 大 部 分 是 由 下 面 往 上 ， 不 是 來 自 artery of the ligamentum teres","肌肉骨骼影像解剖學(2)-下肢 許家豪"
"45","Which of the following statements is correct?","(A) Femoral shaft fractures are preferably treated with plate fixation rather than intramedullary nails.","(B) In imaging features of osteoarthritis, chondrocalcinosis is the main diagnostic criterion.","(C) Femoral neck fractures, Garden type III and IV, are generally recommended for open reduction and internal fixation (ORIF).","(D) Unstable intertrochanteric fractures of the femur should be treated with a proximal femoral nail (PFN).","D","(A) shaft fracture 最 好 還 是 用 髓 內 釘 (B) OA characteristic: joint space narrowing, osteophyte, subchondral sclerosis, subchondral cyst (C) garden type 3,4 因 為 發 生 移 位 ， 發 生 缺 血 骨 壞 死 的 機 率 高 ， 不 建 議 做 ORIF (D) unstable type 用 髓 內 釘 固 定 效 果 比 較 好","肌肉骨骼影像解剖學(2)-下肢 許家豪"
"46","Which description is wrong?","(A) Joint x-ray study usually has two views, including AP and lateral projections. There are also special views for evaluation of a specific portion.","(B) MRI has better tissue contrast. It is better to use MRI to detect pulmonary or upper abdominal visceral contusion or laceration when rib fracture is noted after trauma.","(C) If we can’t detect the dorsal foot pulse in a patient with traumatic lower extremity fracture, arterial injury is suspected. The next step is to arrange CT angiography for further evaluation.","(D) Arthrogram is an image study of joints after injection of contrast agent into a joint. It can be used in X-ray, CT, and MRI.","B","MRI 較 長 的 檢 查 時 間 ， 因 此 病 人 狀 態 差、 意 識 不 佳、 緊 急 入 院 時 ， 首 選 處 置 絕 對 不 會是 MRI ， 可 能 躺 著 躺 著 就 沒 呼 吸 了","基礎影像學原理 蔡蕙怡"
"47","While reading skeletal x-ray films, we need to check A, B, C, S, which are:","(A) Bone texture, cortical bone, soft tissue and joint space, skeletal alignment","(B) Skeletal alignment, soft tissue, joint space, bone texture","(C) Soft tissue, joint space, bone texture, cortical bone","(D) soft tissue and joint space, intraskeletal vessels, skeletal alignment, bone texture","A","","基礎影像學原理 蔡蕙怡"
"48","The following image demonstrates an examination of the quadriceps muscle. Which imaging modality is being used?","(A) X-ray","(B) CT","(C) MRI","(D)Ultrasound","D","送 分 題 ， 圖 片 是 超 音 波 影 像 ， 透 過 聲 波 反 射 將 肌 纖 維 一 束 束 成 像 出 來。 雖 然 MR 也 可以 呈 現 肌 纖 維 走 向 ， 但 比 較 不 會 像 超 音 波 這 樣 黑 白 相 間。 左 圖 是 rotator cuff T2W 的 影 像 ； 右 圖 是 rotator cuff 超 音 波 影 像 比 較 一 下 肌 肉 纖 維 的 樣 子 ， 差 很 多 吧 ～","基礎影像學原理 蔡蕙怡"
"49","Which of the following statements about osteonecrosis of the femoral head (ONFH) is correct?","(A) MRI has low sensitivity for early ONFH and is not recommended as the first-line imaging modality.","(B) In bone scintigraphy, the typical crescent sign can be seen in ONFH.","(C) HIV infection does not increase the risk of ONFH.","(D) Major risk factors include long-term use of corticosteroids, alcohol abuse, or hematologic disorders.","D","(A)MRI 具 有 高 敏 感 性 (B) 在 X 光 下 才 會 呈 現 crescent sign (C)HIV 也 會 增 加 ONFH 風 險","骨質疏鬆與骨壞死 林松彥"
"50","Which of the following statements is incorrect?","(A) Smoking and alcohol consumption are risk factors for osteoporosis.","(B) When a patient has internal fixation in L1–L4 vertebrae or both hips, bone density can be measured by DXA at the distal one-third of the dominant forearm.","(C) A 65-year-old woman was incidentally found to have an old compression fracture of L1 during a health check. DXA showed bilateral hip T-scores of -1.2/-1.3 and lumbar spine T-score of -2.2. This woman is still considered to have osteoporosis.","(D) In premenopausal women, a Z-score ≤ -2.0 requires careful evaluation for secondary osteoporosis caused by disease or medication.","B","要 測 非 慣 用 手 的 橈 骨 ⅓ 喔 ， 這 hen 簡 單 吧","骨質疏鬆與骨壞死 林松彥"
"51","Which of the following statements is correct?","(A) Bone remodeling requires coupling between osteoclasts and osteoblasts.","(B) Daily intake of 1200 mg of calcium in osteoporosis patients reduces fracture risk.","(C) Native vitamin D3 must be converted by the kidney to 25(OH)D3 to increase its activity.","(D) Vitamin D status is usually assessed by serum 1,25-dihydroxyvitamin D [1,25(OH) ₂ D] levels.","A","(A) 可 以 看 到 bone remodeling cycle 中 osteoclast 和 osteoblast 都 有 參 與 (B) 補 充 鈣 不 會 減 少 骨 折 風 險 （ C ） 是 在 肝 臟 轉 換 （ D ）","骨質疏鬆與骨壞死 林松彥"
"52","What type of cell is indicated by the arrow?","(A) Osteocyte","(B) Osteoblast","(C) Osteoclast","(D) Fibroblast","C","大 且 多 核 ， H&E stain 呈 現 嗜 酸 性 染 色 ， 位 於 骨 表 面 凹 陷 處 (Howship’s lacunae)","組織學與實驗-骨骼與軟骨 施耀翔、吳敏瑜"
"53","What structure is indicated by the red dashed line?","(A) Endosteum","(B) Periosteum","(C) Perichondrium","(D) Territorial matrix","C","前 方 構 造 為 氣 管 （後 方 扁 掉 的 是 食 道） ， 含 有 由 hyaline cartilage 構 成 的 C 型 軟 骨 ； 而 紅線 圈 起 來 的 部 分 為 包 圍 cartilage 的 構 造 ： perichondrium 。","組織學與實驗-骨骼與軟骨 施耀翔、吳敏瑜"
"54","What is the purpose of the grip strength test in animal studies?","(A) To assess reflex and pain response","(B) To evaluate memory and learning","(C) To measure motor coordination","(D) To assess muscular strength and neuromuscular function","D","實 驗 只 考 一 題 但 給 了 四 點 考 訓 :) 因 為 考 古 偏 少 ， 附 上 跟 這 題 相 關 的 考 訓 ： 肌 肉 損 傷 動 物 模 式 的 種 類、 進 行 方 式、 評 估方 式 肌 肉 損 傷 動 物 模 式 整 理 種 類 Rota-rod test Grip strength test 圖 示 目 的 評 估 動 作 協 調 能 力 (motor coordination) ， 包 括 1. 肌 肉 功 能 2. 小 腦、 平 衡 與 協 調 主 要 測 試 前 肢 ， 評 估 ： 1. 肌 力 (muscle strength) 2. 神 經 肌 肉 功 能 (neuromuscular function) 3. 神 經 傳 導 與 肌 肉 收 縮 能 力 流 程 將 小 鼠 放 在 會 持 續 旋 轉 的 圓 柱 棒 上， 觀 察 其 掉 落 時 間 1. 讓 小 鼠 的 前 肢 抓 住 一 條 薄 線 或水 平 桿 2. 研 究 者 輕 拉 動 物 尾 部 ， 使 其 試著 保 持 抓 握 評 估 方 式 ● 掉 落 時 間 (Latency to fall) ○ 經 過 訓 練 ， 動 物 須 能 在 棒上 至 少 維 持 1 分 鐘 ○ 越 快 掉 落 ， 表 示 其 運 動 協調 或 肌 力 越 差 ● 掉 落 比 例 (Percent animals falling) ● 掉 落 比 例 (Percentage of animals losing the catching reflex) ● 肌 力 變 差 的 小 鼠 會 因 為 抓 不 牢而 提 早 掉 落","生理學實驗 薛元碩"
"55","Which statement best describes the general nature of bone tissue?","(A) It is an inert structure made of solid calcium.","(B) It is a static organ primarily for storage.","(C) It is a living, dynamic, and vascular tissue.","(D) It is composed solely of compact bone.","C","(A) 錯 在 「 inert 」 與 「 solid calcium 」。 骨 頭 主 要 礦 物 質 是 hydroxyapatite (Ca ₁₀ (PO ₄ ) ₆ (OH) ₂ ) ， 不 是 純 鈣 ， 也 不 是 惰 性。 它 具 有 代 謝 活 性 與 血 管 結 構。 (B) 雖 然 骨 有 儲 存 鈣、 磷 的 功 能 ， 但 非 「靜 態 器 官」 ， 它 持 續 進 行 remodeling 。 (D) 骨 頭 除 了 compact bone ， 還 有 spongy/trabecular bone ， 兩 者 共 同 構 成 骨 結 構。","骨與軟骨生理學 薛元碩"
"56","Which type of bone consists of parallel layers of collagen fibers and is found in all mature bones?","(A) Woven bone","(B) Compact bone","(C) Lamellar bone","(D) Trabecular bone","C","板 層 骨 (lamellar bone) 具 有 平 行 排 列 的 膠 原 纖 維 (A) 編 織 骨 (woven bone) 的 膠 原 纖 維 隨 機 排 列 並 交 織 在 一 起 (B) 緻 密 骨 (compact bone) 由 同 心 環 狀 排 列 的 骨 板 組 成。 (D) 骨 小 梁 (trabecular bone) 由 呈 不 規 則 網 狀 結 構 的 骨 板 組 成。","骨與軟骨生理學 薛元碩"
"57","What is the main function of the periosteum in bone?","(A) Fat storage","(B) Muscle contraction","(C) Bone growth and repair","(D) Osteoclast anchoring","C","骨 骼 生 長 與 修 復 (Bone Growth and Repair): 骨 膜 內 含 骨 原 前 驅 細 胞 (osteoprogenitor cells) ， 這 些 細 胞 能 夠 分 化 成 成 骨 細 胞 (osteoblasts) 。 骨 膜 的 內 層 （或 稱 造 骨 層 /cambium layer ） 含 有 造 骨 幹 細 胞 ， 當 骨 頭 需 要 修 復 時 ， 這 些 幹 細胞 會 從 此 處 釋 放 出 來","骨與軟骨生理學 薛元碩"
"58","Which of the following best describes the initial step in intramembranous ossification?","(A) Formation of cartilage model by chondroblasts","(B) Transformation of osteocytes into osteoblasts","(C) Clustering of mesenchymal cells and differentiation into osteoblasts","(D) Vascular invasion of hyaline cartilage","C","","骨與軟骨生理學 薛元碩"
"59","What is the correct sequence of events in the primary center of endochondral ossification?","(A) Periosteal bud invades → cartilage model forms → ossification center develops","(B) Chondrocytes proliferate → hypertrophy → calcification → vascular invasion","(C) Bone collar forms → mesenchyme condenses → chondrocyte hypertrophy → ossification","(D) Osteoclast activity begins → epiphyseal plate forms → cartilage calcifies","B","(A) Cartilage model forms → periosteal bud invades → ossification center develops (B) 正 確 (C) Mesenchyme condenses → chondrocyte hypertrophy → bone collar forms → ossification (D) Cartilage calcifies → osteoclast activity begins → epiphyseal plate forms","骨與軟骨生理學 薛元碩"
"60","What is the correct order of the ARF cycle in bone remodeling?","(A) Activation → Formation → Resorption","(B) Resorption → Reversal → Activation → Formation","(C) Activation → Resorption → Reversal → Formation","(D) Formation → Activation → Resorption → Reversal","C","","生理學實驗 薛元碩"
"61","Which vitamin deficiency leads to decreased collagen synthesis in bone?","(A) Vitamin D","(B) Vitamin A","(C) Vitamin C","(D) Vitamin B12","C","Vitamin C 能 催 化 Collagen 合 成 ， 入 學 有 考 過 ~","生理學實驗 薛元碩"
"62","Which type of cartilage is found in the external ear and epiglottis?","(A) Hyaline cartilage","(B) Fibrocartilage","(C) Elastic cartilage","(D) Articular cartilage","C","外 耳 和 會 厭 軟 骨 源 自 於 『 elastic cartilage 』","骨與軟骨生理學 薛元碩"
"63","Which of the following correctly matches the cartilage type with its main structural feature?","(A) Hyaline cartilage – abundant elastic fibers","(B) Elastic cartilage – type I collagen dominance","(C) Fibrocartilage – absence of perichondrium","(D) Articular cartilage – highly vascularized tissue","C","","骨與軟骨生理學 薛元碩"
"64","Which statement(s) is/are False ？","(A) Ceramics is a brittle material.","(B) Tendon is a ductile material","(C) Brittle material undergoes more plastic deformation before failure.","(D) Stainless steel is a brittle material.","送分","(A) Ceramics is a brittle material.→ 陶 瓷 杯 摔 到 地 板 會 碎 即 為 brittle material 的 表 現 (B) Tendon is a ductile material →tendon 可 以 拉 伸 ， 具 有 延 展 性 (ductility) (C) Brittle material undergoes more plastic deformation before failure.→brittle material 在 超 過 彈 性 變 形 的 極 限 (elastic limit) 後 ， 在 經 過 ” 一 小 段 ” plastic deformation就 會 rupture ； 反 之 ， ductile material 在 超 過 彈 性 變 形 的 極 限 (elastic limit) 後 ， 會 進 入 一段 不 短 的 塑 性 變 形 (plastic deformation) 才 會 rupture 。 (D) Stainless steel is a brittle material.→ 不 鏽 鋼 杯 摔 到 地 板 只 會 凹 進 去 ， 不 會 碎 掉 ，所 以 不 為 brittle material ， 而 是 ductile material 。","運動創傷及運動醫學 周伯禧"
"65","Which of the following(s) may not be helpful in diagnosing Superior Labrum Anterior to Posterior Lesion (SLAP) ？","(A) MR-Arthrography.","(B) Valgus Stress Test","(C) O’Brien’s Test","(D) Compression Rotation Test.","B","","運動創傷及運動醫學 周伯禧"
"66","Motion analysis can be clinically applied in which of the followings?","(A) Analysis of shoulder joint loading for tennis serve","(B) Analysis of elbow joint loading during fall on the outstretched hand.","(C) Gait Analysis in patients with osteoarthritis of the knee joint.","(D) All of the above.","D","(A) 手 舉 過 肩 的 運 動 ， 如 網 球、 棒 球、 排 球、 羽 球 都 有 可 能 出 現 RCT 的 運 動 傷 害 （旋 轉肌 部 分 損 傷 甚 至 完 全 斷 裂） (B) 很 多 的 骨 科 創 傷 來 自 跌 倒、 車 禍 等 原 因。 跌 倒 時 用 手 撐 地 上 (outstretched hand) 是上 肢 創 傷 （ eg. 手 腕、 肩 膀、 手 肘） 的 重 要 因 素 (C) 正 確","運動創傷及運動醫學 周伯禧"
"67","The highest shoulder joint loading can occur on which of the time interval during pitching motion?","(A) Winding phase","(B) Late cocking & early acceleration phase","(C) Deceleration phase","(D) Follow through phase","B","經 典 考 古 題","運動創傷及運動醫學 周伯禧"
"68","Which of the following statement(s) about ACL (Anterior Cruciate Ligament) injuries is/are false ？","(A) ACL injuries are frequently related to sports injuries","(B) ACL tear with associated injuries is an indication for surgical treatment","(C) Compression Rotation Test can detect ACL injuries","(D)MRI is useful in diagnosing ACL injuries","C","compression rotation test 是 測 SLAP 肩 關 節 唇 傷 害","運動創傷及運動醫學 周伯禧"
"69","Valgus Extension Overload is probably the most common cause of elbow injury in baseball pitchers. It is not associated with :","(A) lateral collateral ligament instability","(B) osteochondral injuries of the radio-capitellar joint","(C) ulnar nerve neuropathy","(D) posterior elbow impingement.","A","(A) 投 球 的 stress 主 要 在 medial side ， 非 lateral side","運動創傷及運動醫學 周伯禧"
"70","Which bone cannot be seen in X-ray Hand lateral view?","(A) Cuboid","(B) Lunate","(C) Capitate","(D) Trapezium","A","送 分 題 ， 8 塊 腕 骨 沒 有 一 塊 叫 Cuboid 看 一 下 真 正 的 lateral view 可 以 看 到 什 麼 吧！ 1. Capitate 2. Trapezium 3. Pisiform 4. Scaphoid 5. Lunate","足踝關節之骨科功能解剖學 陳姝蓉, 肌肉骨骼影像解剖學(1)-上肢 林育全"
"71","According to YCL method (CNRMT) interpreting a skeletal radiograph, which of the following belongs to Morphology (M)?","(A) A calcified lesion over greater tubercle in X-ray Shoulder AP view","(B) Dislocated radius and ulna in X-ray Elbow lateral view","(C) An over-bowing radius in X-ray Forearm AP view","(D) Additional middle phalanx and distal phalanx in X-ray Hand AP view","C","(A) 鈣 化 為 Texture (B)Dislocated 屬 於 Relation (C)over-bowing 屬 於 Morphology (D)Additional middle phalanx and distal phalanx 屬 於 Number","肌肉骨骼影像解剖學(1)-上肢 林育全"
"72","According to YCL method (CNRMT) interpreting a skeletal radiograph, which of the following does not belong to Texture (T)?","(A) A fracture line over greater tubercle in X-ray Shoulder AP view","(B) A whiter lunate (increased density) in X-ray Wrist AP view","(C) An osteolytic lesion over metaphysis of radius in X-ray Forearm AP view","(D) A metal implant over distal radius in X-ray Wrist lateral view","D","金 屬 植 入 物 屬 於 Category","肌肉骨骼影像解剖學(1)-上肢 林育全"
"73","Which of the following statements is incorrect?","(A)Vitamin D deficiency in adults may cause weakness, pain, or even no symptoms at all.","(B) Bone lesions caused by vitamin D deficiency in adults are called rickets.","(C)Parathyroid adenoma or parathyroid hyperplasia can both lead to elevated parathyroid hormone levels in the body, which in turn affect bone structure.","(D)Chronic renal failure can also affect bone metabolism.","B","","肌肉骨骼病理學(1) 陳建亨"
"74","Regarding osteogenesis imperfecta, which of the following descriptions is incorrect?","(A)Patients are unable to produce normal type I collagen.","(B)It is associated with mutations in the COL1A1 gene on 17q21.3–q22 and the COL1A2 gene on 7q21.3–q22.","(C)It is an autosomal dominant disorder that can be classified into four types.","(D)Due to the lack of normal type I collagen, patients’ irises may develop Lisch nodules.","D","(D) Lisch nodules 最 常 見 於 Neurofibromatosis type 1(NF1)","肌肉骨骼病理學(1) 陳建亨"
"75","Regarding osteonecrosis (or avascular necrosis), which of the following descriptions is incorrect?","(A)It is mostly caused by infection.","(B) It is associated with trauma, chronic alcohol abuse, or steroid use.","(C)In patients with long-term alcohol abuse, osteonecrosis often occurs in the femoral head.","(D)When it occurs, the medullary bone is often affected first, while the overlying cortical bone and cartilage cap remain unaffected for the time being, mainly due to differences in blood supply.","A","(A) 主 要 是 由 非 感 染 原 因 所 造 成。","肌肉骨骼病理學(1) 陳建亨"
"76","Which of the following descriptions about achondroplasia is incorrect?","(A)It involves chromosome 4 and is inherited in an autosomal dominant pattern.","(B) Patients usually have shortened limbs, but normal spinal length.","(C)During bone development, patients lack normal membranous ossification.","(D)It is associated with an activating mutation of FGFR3.","C","● 遺 傳 模 式 ： 體 染 色 體 顯 性 遺 傳 ， 第 4 對 染 樂 體 突 變 (4p16.3) ● 病 理 機 轉 ： FGFR3 基 因 發 生 活 化 突 變 (activation mutation) ，過 度 抑 制 軟 骨 內 骨化 (C) ○ 活 化 突 變 ： 讓 原 本 的 蛋 白 質 變 得 「過 度 活 躍」 的 突 變 ○ FGFR3 主 要 功 能 是 「適 度 的」 抑 制 軟 骨 細 胞 增 殖 與 骨 骼 生 長 速 度 ， 活 化 突變 會 使 得 FGFR3 過 度 活 化 ， 造 成 骨 骼 無 法 正 常 伸 長 ○ 主 要 影 響 長 骨 骨 化 的 過 程 ， 膜 內 骨 化不受 影 響 (C) ● 臨 床 表 現 ○ 骨 骼 ： 四 肢 短 小 ， 軀 幹 正 常 ○ 生 育 能 力、 致 力、 壽 命 皆 正 常","肌肉骨骼病理學(1) 陳建亨"
"77","Regarding osteomyelitis, which of the following descriptions is incorrect?","(A)Caused by bacterial infection through direct exposure or hematogenous spread.","(B) In children, it often occurs near the knee joint, while in adults it is more common in the foot.","(C)In 5–10-year-old children, osteomyelitis near the metaphysis of long bones is most commonly caused by Escherichia coli.","(D)Osteomyelitis of the maxillary bone and mandible is mostly associated with poor oral hygiene and dental caries.","C","(C) 選 項 錯 在 病 原 菌 的 歸 屬 ： ● 小 兒 （ 5–10 歲） 骨 髓 炎 最 常 見 的 病 原 菌 為 金 黃 色 葡 萄 球 菌 (Staphylococcus aureus) 。 ● Escherichia coli 通 常 見 於 泌 尿 道 感 染 或 免 疫 功 能 低 下 者 的 繼 發 性 感 染 ， 並 非常 見 於 小 兒 長 骨 骨 髓 炎。","肌肉骨骼病理學(1) 陳建亨"
"78","Regarding osteoporosis, which of the following descriptions is incorrect?","(A)In humans, bone mass usually peaks around 25–35 years of age.","(B) Patients’ trabeculae become smaller and thinner, failing to provide adequate structural support.","(C)Steroid therapy can slow down the rate of bone loss.","(D)Lack of exercise, alcohol abuse, and vitamin D deficiency are possible causes.","C","(A) (B) (C) + (D)","肌肉骨骼病理學(1) 陳建亨"
"79","Regarding soft tissue tumors, which of the following descriptions is incorrect?","(A)When filling out a pathology submission form, in addition to correctly recording the anatomical location of the lesion, it is also best to describe the depth of the lesion at that site.","(B) Most tumors are benign; malignant tumors are mostly sporadic, with only a few related to genetics.","(C)Environmental risk factors include radiation, burns, and toxins.","(D)Most malignant sarcomas have a simple karyotype with euploid chromosomes; these tumors often occur in young patients, and the tumor cells appear relatively uniform (monomorphic).","D","大 多 數 （ 80% 至 85% ） 的 惡 性 肉 瘤 屬 於 複 雜 核 型 （ Complex karyotype ） ， 這 些 腫 瘤 通 常 是非 整 倍 體 （ Aneuploid ） 或 多 倍 體 （ Polyploid ） ， 好 發 於 成 人 ， 且 腫 瘤 細 胞 形 態 多 樣 （Pleomorphic ）","肌肉骨骼病理學(2) 陳建亨"
"80","The following tissues are generally classified as soft tissue, but which one is not included?","(A)Adipose tissue.","(B) Muscular tissue.","(C)Vascular tissue.","(D)Mucosal epithelium.","D","","肌肉骨骼病理學(2) 陳建亨"
"81","Which of the following descriptions is incorrect?","(A) Lipomas usually have a capsule at the margin, clearly demarcated from surrounding tissues. Morphologically, they can be classified into conventional, fibrolipoma, angiolipoma, spindle cell lipoma, etc.","(B) Liposarcomas commonly occur in the limbs or retroperitoneum, in locations closer to the skin and more superficial, making them easier to excise.","(C) Liposarcomas can be further classified into atypical lipomatous tumor/well-differentiated liposarcoma, myxoid liposarcoma, and pleomorphic liposarcoma.","(D) Pleomorphic liposarcomas are usually more aggressive and prone to distant metastasis.","B","(B) 錯 誤。 脂 肪 肉 瘤 (Liposarcoma) 常 見 於 四 肢 近 端 或 腹 膜 後 (retroperitoneum) ， 且位 於 深 部 (deep part) ， 並 非 靠 近 皮 膚 或 表 淺 部 位。 (C)(D)","肌肉骨骼病理學(2) 陳建亨"
"82","Which of the following descriptions is incorrect?","(A) A motor unit consists of a motor neuron and the muscle bundles it innervates.","(B ) Type I muscle fibers perform aerobic exercise, allowing for prolonged contraction; they contain less intracellular fat and more glycogen. Type II muscle fibers perform anaerobic exercise, generating greater contraction force but with lower mitochondrial density. These two muscle types can convert into each other depending on reinnervation by different neurons.","(C) The connective tissue surrounding a single skeletal muscle fiber is called the endomysium.","(D) If the motor neuron in a motor unit is impaired, causing pathology in its innervated muscle group, it is called neuropathic myopathy. The muscle shows features such as grouped atrophy and fiber type grouping.","B","Type I muscle fibers perform aerobic exercise, allowing for prolonged contraction; they contain less intracellular fat and more glycogen. 這 句 描 述 中 ， 前 半 段 正 確 ， 但 是 type I muscle fibers is higher in its lipid content and lower in its glycogen content. Type II muscle fibers perform anaerobic exercise, generating greater contraction force but with lower mitochondrial density. 這 句 描 述 是 正 確 的。 These two muscle types can convert into each other depending on reinnervation by different neurons. 老 師 在 上 課 時 也 有 口 述 ： 「通 常 一 條 神 經 支 配 同 一 種 肌 肉 ， 但 type I 和 type II 在 特 定 情 況 下 可 互 換 ， 稍 後 會 提 到 (fiber type grouping) 」 因 此 這 句 是 正確的。","肌肉骨骼病理學(2) 陳建亨"
"83","Which of the following descriptions is incorrect?","(A) Total muscle mass and maximal muscle strength peak in youth and gradually decline with age.","(B) If this decline occurs too rapidly, resulting in muscle mass and maximal strength falling below a certain standard, it is currently called sarcopenia.","(C) Sarcopenia mainly affects daily activities and does not increase the risk of cardiopulmonary diseases; besides aging, it can also be caused by neurological disorders, lack of physical training, and obesity.","(D) Using muscle strength as an indicator, men with a dominant-hand grip strength below 27 kg should be concerned about sarcopenia.","C","(A) 正 確。 根 據 講 義 第 94 圖 表 ， 肌 力 在 「年 輕 時」 達 到 最 大 化 ， 在 「中 年 時」 維 持 ， 並 在「老 年 時」 最 小 化 流 失 （即 逐 漸 下 降）。 (B) 正 確。 講 義 第 94 、 95 頁 將 肌 少 症 定 義 為 與 老 化 相 關 的 肌 肉 流 失 。 圖 表 也 顯 示 當 肌力 下 降 到 「低 體 能 表 現」 或 「臨 界 失 能」 的 標 準 時 ， 即 需 「預 防 和 延 後 肌 少 症 發 生」。 該 敘述 符 合 肌 少 症 的 臨 床 概 念。 (C) 錯 誤。 肌 少 症 （ Sarcopenia ） 的 影 響 包 括 ： 跌 倒、 骨 折、 身 體 失 能、 死 亡 率 ， 以 及 心 臟疾 病 (Cardiac dz) 、 呼 吸 系 統 疾 病 (respiratory dz) 和 認 知 障 礙 。 因 此 ， 肌 少 症 是 會增 加 心 肺 疾 病 風 險 的。 (D) 正 確。 在 「肌 肉 力 量 切 點」 中 ， 男 性 慣 用 手 握 力 的 切 點 為 < 27 kg 。","肌肉骨骼病理學(2) 陳建亨"
"84","Which of the following statements is the most appropriate?","(A) Synovial sarcoma commonly shows t(X;18)(p11;q11), resulting in SS18-SSX1, SS18-SSX2, or SS18- SSX4 gene fusions.","(B) Ewing sarcoma commonly shows t(11;22)(q24;q12) or t(21;22)(q22;q12), resulting in EWS-FLI1 or EWS-ERG gene fusions.","(C) Alveolar rhabdomyosarcoma can show t(2;13)(q35;q14) or t(1;13)(p36;q14), resulting in PAX3- FOXO1 or PAX7-FOXO1 gene fusions.","(D) All of the above descriptions are correct.","D","本 題 Ａ Ｂ Ｃ 三 個 選 項 皆 正 確 ， 就 請 記 起 來 來 源 各 自 在 老 師 的 講 義 裡 （Ａ） 選 項 在 老 師 講 義 第 67 頁 ， 如 下 方 ： （ B ） 選 項 在 老 師 講 義 第 11 頁 表 格 第 一 行 ， 如 下 方 ： （Ｃ） 選 項 在 老 師 講 義 第 51 頁 ， 如 下 方 ：","肌肉骨骼病理學(2) 陳建亨"
"85","Which artery is the major blood supply to the hip joint?","(A) Superior gluteal artery","(B) Medial and lateral circumflex femoral arteries","(C) Obturator artery","(D) Femoral profunda artery","B","根 據 老 師 的 slide ， major blood supply to the hip joint 就 是 Medial and lateral circumflex femoral arteries 喔！ 記 憶 題 ， 常 考 ， 背 起 來 吧！","髖及膝關節功能解剖學 李忠祐"
"86","Which movement combination of the hip reproduces pain in piriformis syndrome during examination?","(A) Flexion, abduction, external rotation","(B) Flexion, adduction, internal rotation","(C) Extension, abduction, external rotation","(D) Extension, adduction, internal rotation","B","","髖及膝關節功能解剖學 李忠祐"
"87","In the knee’s screw-home mechanism (open chain), during the last 20° of extension, the tibia:","(A) Internally rotates, tightening cruciate ligaments","(B) Externally rotates, tightening cruciate ligaments","(C) Internally rotates, loosening cruciate ligaments","(D) Externally rotates, loosening cruciate ligaments","B","screw home mechanism 在 knee extension 最 後 的 20 度 會 向 外 旋 轉 至 鎖 定 ， 同 時 使ACL/PCL 繃 緊 ， 使 tibia 穩 定。","髖及膝關節功能解剖學 李忠祐"
"88","Which molecule is most directly associated with angiogenesis during fracture healing?","(A) TNF α","(B) IL-6","(C) VEGF","(D) BMP-2","C","老 師 上 課 特 別 強 調","骨折的生物力學及癒合 劉文智"
"89","Which of the following best characterizes secondary bone healing?","(A) Requires absolute stability and osteonal remodeling","(B) Occurs only in cortical bone","(C) Involves both intramembranous and endochondral ossification","(D) Leads to the direct formation of new osteons","C","(A) 需 要 絕 對 穩 定 性 和 骨 單 位 重 塑 (osteonal remodeling) ： 這 描 述 的 是 一 期 骨 癒 合 (Primary Healing) 。 繼 發 性 骨 癒 合 要 求 相 對 穩 定 性 (Relative stability) 。 (B) 只 發 生 在 皮 質 骨 (cortical bone) ： 繼 發 性 骨 癒 合 是 一 種 通 用 的 癒 合 機 制 ， 在 相 對 穩定 的 情 況 下 發 生。 海 綿 骨 (Cancellous bone) 的 癒 合 在 發 炎 期 後 主 要 由 膜 內 骨 化 主 導， 且 不 形 成 明 顯 的 外 部 骨 痂 ， 但 繼 發 性 癒 合 並 非 只 發 生 在 皮 質 骨 中。 (C) 涉 及 膜 內 骨 化 (intramembranous) 和 軟 骨 內 骨 化 (endochondral) 兩 種 過 程 繼 發 性 骨 癒 合 ， 也 被 稱 為 間 接 骨 癒 合 （透 過 骨 痂 形 成） ， 其 特 點 是 膜 內 骨 化 和 軟 骨 內 骨化 共 同 作 用 。 (D) 導 致 新 骨 單 位 (osteons) 的 直 接 形 成 ： 骨 單 位 重 塑 (Osteonal remodeling) 是 一 期骨 癒 合 的 核 心 過 程 。 繼 發 性 骨 癒 合 的 初 期 是 透 過 軟 骨 痂 和 硬 骨 痂 的 形 成 ， 最 終 的 重塑 階 段 才 涉 及 骨 單 位 的 重 組 ， 但 不 是 其 直 接 或 核 心 的 形 成 機 制。","骨折的生物力學及癒合 劉文智"
"90","Which of the following statements about fracture biomechanics is TRUE?","(A) Increased implant-bone contact improves bone perfusion","(B) Relative stability allows micromotion at the fracture site","(C) Reaming for intramedullary nails increases endosteal blood flow","(D) Absolute stability encourages callus formation","B","(A) larger implant-bone contact: reducing bone perfusion (C)reaming for intramedullary nails (IM nails): reduces endosteal blood flow (D)callus formation : relative stability 說 明 : 在 骨 折 癒 合 的 生 物 力 學 中 有 Primary/ Secondary healing, 其 中 Secondary Healing 講 義 中 提 到 ● Indirect healing by callus formation ○ Relative stability ○ Both intramembranous and endochondral bone formation","骨折的生物力學及癒合 劉文智"
"91","Which of the following statements about the sagittal band is correct?","(A) It extends the middle phalanx during metacarpophalangeal joint (MCPJ) extension.","(B) It attaches to the dorsal hood and stabilizes the lateral band.","(C) It assists in proximal phalanx extension and stabilizes the extensor tendon at the MCPJ.","(D) It allows distal interphalangeal joint extension when MCPJ is hyperextended.","C","Sagittal bands: ● attaches to the volar plate ● extend the P1 ● the extrinsic extensors can’t extend the P2 while MCPJ is hyperextended Also: ● Central slip extends the middle phalanx ● Triangular & Transverse reticular ligament stabilize the lateral band ● Terminal tendon allows DIP extension","手部、腕部骨骼功能解剖學 劉文智"
"92","Which of the following is a secondary stabilizer of the distal radioulnar joint (DRUJ)?","(A) Extensor carpi ulnaris tendon sheath","(B) Dordsal radiocarpal ligament","(C) Deep dorsal radioulnar ligament","(D) Extensor retinaculum","A","以 下 為 secondary stabilizer of the distal radioulnar joint (DRUJ) ： ECU (extensor carpi ulnaris) tendon sheath 6th dorsal compartment (ECU) sub-sheath Deep head of pronator quadratus(PQ) Interosseous lig. Of the forearm(central band) Ulnotriquetral lig. Ulnolunate lig.","手部、腕部骨骼功能解剖學 劉文智"
"93","Which nerve innervates the abductor pollicis muscle?","(A) Radial nerve","(B) Median nerve","(C) Ulnar nerve","(D) Anterior interosseous nerve","送分","abductor pollicis brevis(APB) 由 median n. 支 配 abductor pollicis longus(APL) 則 由 radial n. 支 配","手部、腕部骨骼功能解剖學 劉文智"
"94","Drugs that act on the central nervous system to induce skeletal muscle relaxation include the following drugs, except which one?","(A) Central alpha-2 agonists","(B) Depolarizing muscle relaxants","(C) Tricyclic antidepressants","(D) Antihistamines","B","","肌肉鬆弛劑之藥理學 程廣義"
"95","botox ( clostridium botulinum) acting which of the following to induce muscle relaxation?","(A) Gamma-aminobutyric acid (GABA) type B receptors","(B) snare protein","(C) Muscarinic receptors","(D) Ligand-gated sodium channels","B","","肌肉鬆弛劑之藥理學 程廣義"
"96","Characteristics of muscle pain, relative to cutaneous pain, include all of the following except:","(A) Poorly localized","(B) Burning and cutting","(C) Easily pain referral","(D) Difficult to tolerate","B","由 表 格 可 以 看 出 cutaneous pain 才 是 burning and cutting","肌肉鬆弛劑之藥理學 程廣義"